raw_id,RAT01,RAT02,RAT03,RAT04,RAT05,RAT06,RAT07,RAT08,RAT09,RAT10
C11012,,,악어,진주,무지개,제비,가마솥,,,코끼리
C11017,전봇대,곰,악어,소라개,무지개,제비,가마솥,별똥별,단추,코끼리
C11016,전기 구이,곰,악어,진주,무지개,제비,가마솥,별,단추,코끼리
C11025,전기뱀장어,귤,악어,갯벌,무지개,제비,가마솥,별,단추,코끼리
C11015,전기구이,곰,악어,진주,무지개,제비,솥,별,단추,코끼리
C11018,전봇대,구미호,악어,인어공주,무지개,제비,가마솥,별똥별,단추,코끼리
C11020,전봇대,곰,악어,진주,무지개,제비,가마솥,별똥별,단추,코끼리
C11023,,구미호 ,악어,소라개,무지개 ,,바마솥,,청바지 ,
C11019,생선구이,곰,악어,굴,,제비,가마솥,별,단추,코끼리
C11021,전기뱀장어,곰,악어,흑누나,눈,놀부,솥,김정은 만원경,헌옷,코뿔소
C11009,,개꿀,악어,소라개,문지기,제비,가마솥,별똥별,,코끼리
C11013,전기구이,곰,악어,진주,무지개,제비,가마솥,별,단추,코끼리
C11011,참새,곰,악어,소라게,무지개,제비,가마솥,별,단추,코끼리
C11002,참새,,장화,진주,무지개,제비,솥,,단추,코뿔소
C11014,전기구이,곰,악어,진주,무지개,제비,솥,별똥별,단추,코끼리
C11008,떡,곰,악어,진주,무지개,제비,가마솥,여자친구,거지,코끼리
C11003,,곰,악어,소라개,눈,제비,가마솥,별동별,,코끼리
C11001,참새,,,,무지개,제비,숱,,단추,코뿔소
C11010,전기구이,벌꿀,악어,소라개,문지기,제비,가마솥,별똥별,상거지,코뿔소
C11024,참새,,악어,소라게,무지개,,,,,
C11007,,,악어,진주,무지개,제비,가마솥,,,코끼리
C11005,,곰,분,키조개,무지개,제비,전기밥솥,별동별,,코끼리
C11004,,곰,악어,소라게,눈,제비,밥솥,별똥별,,코뿔소
C11022,전기뱀장어,벌,악어,흑인,눈,놀부,솥,몰라,ㅠㅐ션,코끼리
C11006,전기뱀장어,쓸개즙,악어,인어,소나기,동화,전기밥솥,별동별,청바지,코뿔소
C10626,?,?,?,?,천둥,?,솥,?,?,?
C10601,,,악어,,무지개,,솥,별똥별,,코끼리
C10603,떡,자라,늑대,조개소녀,반사경,보쌈,밥솥,헤성,거지,커뿔소
C10618,떡,곰,악어,인어공주,무지개,제비,밥솥,보름달,반지,코끼리
C10607,닭,,늑대,제주도,무지개,제비,솥,별,단추,코끼리
C10622,밥,곰,악어,작은소녀,비,제비,쌀,수호천사,옷걸이,광대
C10610,전기구이,보양식,악어,미소녀,프리즘스톤,도깨비,가마솥,테일즈런너,간지,코끼리
C10609,전봇대,,,진주,구름,놀부,가마솥,,,코끼리
C10621,,,악어,,,,,,,코끼리
C10615,떡,,악어,갯뻘,,,가마솥,,,코뿔소
C10605,,즙,악어,흑진주,,까치,솥,별,거지,코끼리
C10623,생선,곰,악어,바다,하늘색,제비,가마솥,별,귀걸이,코끼리
C10606,참새,즙,악어,흑진주귀걸이를단소녀,우박,까치,솥,별,찢청,코뿔소
C10617,제비,곰,악어,물개,눈,제비,밥솥,별똥별,마네킹,코끼리
C10624,참새,곰,악어,바다,하늘색,제비,가마솥,별똥별,귀걸이,코끼리
C10602,떡,곰,악어,인어공주,무지개,놀부,밥솥,별,양말,코끼리
C10620,고깃집,,악어,,눈,,식당,,,삐에로
C10608,전봇대,,악어,전주,구름,놀부,가마솥,별,,코끼리
C10616,친친친,구구구,들들들,아아아,미미미,안안안,해해해,===================,49번문제 통과,미국 연수
C10613,,,늑대,,무지개,제비,솥,,,코끼리
C10614,전기,곰돌이푸,악어,진주,눈,제비,가마솥,별똥별,양말,코뿔소
C10619,,,악어,,유성,,솥,별똥별,,코끼리
C10625,장어,,악어,진주,god,제비,솥,,,삐에로
C10612,전기,곰,악어,진주,날씨,제비,밥솥,별,가게,코끼리
C10611,참새,곰,악어,검은조개소녀,눈,ぁぃぅぇぉ,솥,별똥별,찢어진옷,코끼리
C10427,떡,,,진주,,,솥,,,코끼리
C10425,떡,꿀떡,먹이,진주,무지개,제비,솥,별똥별,크리스마스(트리),코끼리
C10423,,떡,대,인어,,제비,솥,,단추,
C10418,떡,곰,악어,진주,무지개,제비,솥,별,,코뿔소
C10405,훈제,벌,악어,진주,우산,제비,솥,별,크리스마스,코끼리
C10429,떡,,악어,,무지개,제비,솥,,단추,코끼리
C10411,떡,곰,악어,인어,무지개,제비,솥,별,,
C10414,참새,,악어,인어,무지개,제비,솥,별똥별,,코끼리
C10415,참새,간,악어,진주,무지개,제비,가마솥,별똥별,단추,코끼리
C10421,전기구이,벌,악어,진주,땅,제비,가마솥,달,단추,코뿔소
C10403,,,사슴,바다,날씨,제비,가마솥,별사탕,진주,코뿔소
C10409,전기구이,,악어,진주소녀,무지개,놀부,가마솥,별동별,,코끼리
C10426,떡,,,진주,,,솥,,,코끼리
C10412,떡,벌,악어,껍질,무지개,제비,솥,할로윈,진주,도깨비
C10430,,,,,,,가마솥,,,
C10417,떡,곰,악어,인어,무지개,제비,솥,별,,코끼리
C10420,새,두루미,악어,진주,번개,제비,솥,별똥별,산타,광대
C10407,참새,곰,악어,인어공주,눈,제비,가마솥,선물,벨트,코뿔소
C10419,참새,,악어,진주,무지개,제비,솥,,크리스마스,코끼리
C10402,참새,곰,악어,진주,눈,제비,가마솥,별,,코끼리
C10406,떡,,악어,진주,무지개,제비,가마솥,별,,코끼리
C10424,떡,곰,악어,진주,무지개,제비,솥,,,코끼리
C10431,참새,곰,악어,진주,무지개,제비,가마솥,별,,코끼리
C10428,떡,벌,악어,여우,무지개,제비,솥,막대,단추,코끼리
C10410,참새,공,악어,인어,무지개,제비,가마솥,별동별,단추,코끼리
C10404,참새,,,진주,,제비,솥,,,코뿔소
C10408,참새,,악어,인어공주,무지개,,가마솥,,꽃,코끼리
C10413,참새,곰,악어,인어공주,눈,까치,가마솥,별,벨트,코끼리
C10422,,,악어,진주,무지개,제비,가마솥,,단추,코끼리
C10416,비둘기,토끼,악어,인어,무지개,제비,가마솥,별똥별,단추,코끼리
C10401,참새,곰,악어,인어공주,눈,제비,가마솥,선물,벨트,코뿔소
DUMMY10103,,,,,,,,,,
DUMMY10104,,,,,,,,,,
C10132,생선,,늑대,,,흥부와놀부,부두막,할로윈,,삐에로
C10109,참새,노란색,악어,진주,무지개,제비,삼시세끼,별똥별,단추,코뿔소
C10108,참새,,,,,제비,솥,,드레스,
C10104,,,,,수증기,까치,솥,,가게,
C10101,,,,,,,,,,
C10111,참새,곰,악어,진주,무지개,제비,솥가마,별똥별,허수아비,코뿔소
C10121,,,악어,,무지개,흥부놀부,가마솥,,,코끼리
C10116,전기장어구이,허니박스,악어,인어,번개,놀부보쌈,가마솥,별똥별,찢어진청바지,삐에로
C10119,참새,,짐승,,무지개,제비,밥솥,알라딘,레이스,코끼리
C10105,박초롱,윤보미,정은지,별의 별,박초롱,윤보미,정은지,손나은,김남주,오하영
C10112,기둥,자연,여우,발,구름,맞이,솥,봉지,패션,테
C10117,밥,벌,악어,진주,무지개,까치,가마솥,별,단추,코뿔소
C10125,생선구이,푸우,,바다?,무지개,??,솥뚜껑,소원을말해봐,옷걸이,서커스단
C10113,참새,벌,짐승,인어공주,무지개,제비,가마솥,알라딘,망사,코뿔소
C10124,,,호랑이,인어공주,무지게,,가마솥,,,
C10107,,,,바다소녀,하늘,,,성냥파리소녀,,
C10126,고기,여우가 꿀을먹고 쓸개가 아파졋다,악어,갯벌,행복,흥부와 놀부,솥뚜껑,소원사탕을 망원경을쓰고 본다,수선,코뿔소서커스
C10128,뻥튀기,취적,악어,인어공주,비,놀부,가마솥,달,거지,삐에로
C10118,모르겠어용,구미호,허허,인어,하하,제비,하하 ,참재ㅁㅆㄴ에ㅛ,,코뿔소
C10103,참새,,악어,진주,무지개,까치,삼시세끼,별똥별,단추,코뿔소
C10131,비둘기,꿀단지,늑대,소나기,무지개,놀부,부뚜막,소녀시대,거지,코끼리
C10102,참새,,악어,진주,무지개,까치,솥,별똥별,단추,광대
C10115,참새,,악어,진주,무지개,제비,솥,,허수아비,코뿔소
C10127,떡집,연어의비늘,늑대,모래사장,창문,박,부두막,별똥별,단추,삐에로
C10130,가래떡,꿀벌,악어,비단조개,소나기,제비,가마솥,꿈,단추,코뿔소
C10122,음표,,호랑이,흑진주,태양,제비,가마솥,,허수아비,코끼리
C10120,참새,,악어,,무지개,놀부,솥,,,코끼리
C10123,참새,,악어,진주,샤이니사랑해 이진기생일축하해,제비,솥,보름달,단추,삐에로
C10114,,,맹수,,,,,별동별,패션,코뿔소
B10203,훈제,벌,악어,진주,우산,제비,솥,별,단추,소
B10218,,,,,,,,,,
B10204,훈제,벌,먹이,진주,무지개,제비,밥솥,,단추,광대
B10221,참새,,악어,진주,,제비,가마솥,별,,
B10207,,구미호,악어,,무지개,재비,솥,,단추,코뿔소
B10223,오리 훈제 구이,,악어,해녀,,전래동화,솥,고드름? 하얀 민들레?,크리스마스,코끼리
B10215,염통구이,푸,악어,인어,구름,제비,가마솥,별똥별,단추,삐에로
B10202,하스스톤,하스스톤,하스스톤,하스스톤,하스스톤,하스스톤,하스스톤,하스스톤,하스스톤,하스스톤
B10224,,,,,,,,,,루돌프
B10226,,,,,,,,별,,
B10225,참새,,악어,인어공주,,제비,가마솥,별똥별,단추,코뿔소
B10210,,,,진주,무지개,제비,가마솥,별,단추,광대
B10209,모르겟다,모르겟다,모르겟다,모르겟다,모르겟다,모르겟다,모르겟다,모르겟다,모르겟다,모르겟다
B10220,내가 좋아하는 맛집 전깃둘방앗간에는 소금구이가 맛나,니 쓸개로 그 꿀을먹는여우를 쓸개,악어,먼 바다속 깊이에는 흑심을품은 조개소녀가 잇었다,프리즘스톤~~ 변신~~ 하늘에서 비가내려라~~ 레이닝드롭~~,어이구야~~~~흥라리흥당당,솥뚜껑,킥킥킥..이것이 지옥의 끈적근적한 사탕망원경인지도 모르고..ㅋ,장식을 여왕에게 가져가면 구멍난 옷을 받을수 있습니다,엘ㄹ레레ㅔㄹㄹ레 원피스 버기 잘샐김~~~~
B10205,,,야생동물,,,,, ,,광대                                                               
B10211,비둘기,몰라,악어,진주,무지개,돈,가마솥,몰라,단추,황소
B10219,참새,,악어,인어공주,,제비,가마솥,별똥별,단추,코뿔소
B10227,참새,장기매매,악어,진주,가을,제비,솥,크리스마스,가게,코끼리
B10208,치도리,구미호,악어,흑진주,무지개,제비,솥,원,단추,피에로
B10212,비둘기,콜라,악어,흑누나,폭우,ㅁㄹㅇ,솥,ㅁㄹㅇ,ㅁㄹㅇ,코뿔소
B10201,정답,정답,정답,정답,정답,정답,정답,정답,정답,정답
B10213, 청각장애 시각장애 언어장애 손가락자애,엽이 왴,아니,삼바리,카본,3미터,고물상,서울까지픽시로 5시간,내 MTB130만원이다,지금까지 엽이의 자기소게였습니다
B10228,참새,사막,악어,,가을,제비,솥,북두칠성,가게,코끼리
B10206,생선,토끼,악어,진주,구름,놀부,시내,구슬,빵꾸,코끼리
B10214,엽이,아니,왴,삼바리,카본,300만원,가마솥,별똥별,언어장애 청각장애,코끼리
B10222,참새,곰,악어,진주,우박,제비,가마솟,별,.,코끼리
B10216,참새,,악어,진주,,,가마솥,,,코뿔소
B10217,,,,진주,,,,,,코뿔소
B10116,참새,,악어,,무지개,까치,솥,보름달,크리스마스,코뿔소
B10108,전기,ㅇㅇ,동물,구슬,무지개,ㄴㄴ,솥,막대,ㅇㅇ,ㅇㅇ
B10103,,푸우,악어,인어공주,무지개,놀부,솥,막대,,
B10124,참새,,악어,진주,무지개,까치,솥,,단추,코끼리
B10117,초벌구이,벌,악어,인어공주,무지개,까치,가마솥,달,단추,삐에로
B10120,생선,곰,악어,인어공주,번개,백년손님,가마솥,은하수,거지,코뿔소
B10115,,,악어,,,,솥뚜껑,,크리스마스,코뿔소
B10119,떡,간,늑대,인어공주,무지개,밥,솥,막대,단추,코끼리
B10113,참새,곰,?,인어공주,무지개,까치,솥,크리스마스,?,코뿔소
B10127,,꿀,,오징어,무지개,제비,솥,,,코끼리
B10125,,,,인어공주,무지개,제비,밥솥,,,코끼리
B10101,전기구이,구미호,악어,인어공주,겨울왕국,흥부와놀부,삼겹살,소녀시대,장식품,코뿔소
B10126,,,악어,,,,솥,,,
B10106,참새,곰,악어,인어공주,무지개,까치,솥,크리스마스,줄,코뿔소
B10111,전기구이,벌,늑대,인어공주,무지게,가게,똥가마,별똥별,야매때,기모띠
B10128,참새,토끼,늑대,빨간망토,스프링쿨러,주막,밥솥,거울,옷걸이,코끼리
B10105,,,악어,,무지개,,솥,,,코끼리
B10123,전기구이,구미호,악어,인어공주,무지개,제비,전기밥솥,할로윈데이,크리스마스,코뿔소
B10107,참새,곰,호랑이,인어공주,무지개,까치,솥,크리스마스,단추,코쁠소
B10118,고기,방앗간,곰,인어공주,히느님,솔라미미,밥솥,할로윈데이,크리스마스,축제
B10114,전기구이,개꿀,악어,인어공주,솔라빔,농부,가마솥,크리스마스,산타할아버지,코뿔소
B10104,,,,해녀,,,,,,
B10102,전기구이,구미호,악어,인어공주,무지개,제비,전기밥솥,소녀시대,크리스마스,코끼리
B10112,참새,곰,ㅁㄴㅇㅁㄴㅇㅈㅇㅈㅂ,ㅇㅂㅈ,무지개,까치,솥,크리스마스,하읏,코뿔소
B10109,ㄷㄹㄷㄹㄹㄹ,ㄹㄹㄷㄹㄷㄹㄷㄹ,악어,인어공주,김유미이마,놀부,가마솥,크리스마스,산타할아버지,코뿔소
B10626,,,,,,,,,,
B10603,,,,,,,,,,
B10616,,,,,,,,,,
B10609,,,,,,,,,,
B10610,,,,,,,,,,
B10608,,,,,,,,,,
B10613,,,,,,,,,,
B10612,,,,,,,,,,
B10615,,,,,,,,,,
B10601,,,,,,,,,,
B10606,,,,,,,,,,
B10628,,,,,,,,,,
B10619,,,,,,,,,,
B10627,,,,,,,,,,
B10625,,,,,,,,,,
B10607,,,,,,,,,,
B10617,,,,,,,,,,
B10618,,,,,,,,,,
B10622,,,,,,,,,,
B10623,,,,,,,,,,
B10620,,,,,,,,,,
B10624,,,,,,,,,,
B10604,,,,,,,,,,
B10523,참새,,악어,암,,까치,솥,,가게,
B10510,전기구이,꿀벌,악어,조개소녀,무지개,좋은손님,밥솥,별똥별,코스튬,광대
B10507,두꺼비집,별주부전,악어,인어,무지개,제비,솥,단것,단추,코끼리
B10506,떡구이,,,흑조개소녀,무지개,,, 눈갈사탕,,
B10524,참새,여우구슬,악어,인어,무지개,까치,가마솥,별,옷,코뿔소
B10519,,,악어,인어,햇빛,제비,가마솥,별,바느질,코끼리
B10517,참새,간,악어,갯벌,우산,놀부,가마솥,별똥별,양말,광대
B10526,참새,구미호,악어,인어공주,무지개,까치,솥,별,단추,코끼리
B10509,참새,구미호,악어,여자,무지개,제비,솥,응몰라,바느질,삐에로
B10525,새,구미호,악어,인어공주,무지개,까치,솥,별,단추,코끼리
B10514,귀뚜라미,구미호,악어,인어,무지개,제비,솥,,단추,코끼리
B10518,전기구이,,타잔,진주,조명,진상,가마솥,별똥별,바늘,개
B10504,,구미호,,,무지개,까치,밥솥,,찢어진 청바지,광대
B10527,참새,간,악어,인어공주,,까치,솥,별,,코끼리
B10503,참새,구미호,악어,갯벌,무지개,제비,솥,,단추,코끼리
B10511,전기구이,,,암,무지개,흥부와놀부,가마솥,트릭오얼츄릭,호박고구마,코뿔소
B10512,,,,진주,,,가마솥,,,
B10513,,,악어,인어,,흥부와제비,가마솥,,바느질,코끼리
B10522,참새,구미호,악어,인어공주,무지개,까치,솥,별,단추,코끼리
B10505,떡,구미호,,,무지개,까치,가마솥,망경돤,찢어진청바지 ,광대
B10508,참새,구미호,악어,인어,무지개,제비,솥,,바느질,삐에로
B10501,참새,구미호,악어,갯벌,물,동화,전기밥솥,앙기모띠!,단추,삐에로
B10516,떡,,악어,암,무지개,내,쌀,,걸이,광대
B10521,참새,구미호,악어,인어,무지개,제비,솥,별,단추,광대
B10520,왕소금구이,꿀여우,가죽늪,조개흑,하늘비,손님흥부,밥가마,사탕소원,장식옷,코뿔
B10617,,,악어,,무지개,제비,가마솥,,,코뿔소
B10619,참새,간,악어,진주,무지개,제비,솥,별,단추,코끼리
B10607,,,악어,,,제비,솥,별,,코끼리
B10616,,간,악어,오징어소녀,프리즘스톤,제비,가마솥,,단추,코끼리
B10612,,,악어,,무지개,제비,밥솥,,,코끼리
B10624,참새,간,악어,,프리즘스톤,제비,가마솥,,,코뿔소
B10608,,,악어,,무지개,제비,솥,별,,코끼리
B10615,장어구이,,악어,,무지개,제비,,별,,코끼리
B10603,,,악어,,,제비,가마솥,,,코뿔소
B10626,니얼굴,니얼굴,악어,진주,무지개,제비,가마솥,니얼굴,니얼굴,코끼리
B10622,,간,악어,,무지개,제비,,,,코끼리
B10620,전기구이,간,악어,갯벌,날씨,동화책,솥,별똥별,디자인,코끼리
B10623,,간,악어,진주,무지개,제비,가마솥,,,코끼리
B10613,장어구이,곰,악어,ㅋㅋㅋㅋㅋㅋㅋㅋ,무지개,제비,가마솥,별똥별,ㅋㅋㅋㅋㅋㅋㅋㅋㅋㅋㅋㅋㅋㅋㅋㅋㅋㅋㅋㅋㅋㅋㅋㅋㅋㅋㅋㅋㅋㅋㅋㅋㅋㅋㅋㅋㅋ,코끼리
B10609,,,악어,진주,무지개,제비,가마솥,,,코뿔소
B10625,참새,간,악어,진주,무지개,제비,솥,,,코끼리
B10604,ㄷㅂㅈㄱ,ㅂㄷㄱㅈ ,ㅂㄷㄱㅈ,ㄷㄱㅈ,무지개,ㅂㅈㄷㄱ,ㅂㅈㄷㄱ,ㄴㄹㅇ,ㅁㄴㅇㄹ,ㅁㄹㄴㅇ
B10606,장어구이,곰,악어,홍학,무지개,손길흥,밥솥,별똥별,개,코끼리
B10627,오징어,간,악어,,,제비,,,,코끼리
B10618,참새,간,악어,진주,무지개,제비,가마솥,몰라,단추,코뿔쇼
B10601,닭,닭,닭,진주,무지개,제비,솥,닭,닭,닭
B10610,,,악어,오징어소녀,무지개,제비,가마솥,,,코끼리
B10628,가래떡,간,악어,오징어,구름,제비,가마솥,할로윈,옷,코끼리
A10224,,,,,,,,,,
A10225,,,,,,,,,,
B20202,,,,,,,,,,
B20201,,,,,,,,,,
A10224,,,,,,,,,,
A10225,,,,,,,,,,
A10101,,,,,,,,,,
A10102,,,,,,,,,,
A10106,,,,,,,밥솥,,,
A10124,참새,,악어,진주,무지개,까치,가마솥,별,가게,코끼리
A10102,,,,,무지개,놀부,가마솥,크리스마스,,코뿔소
A10111,새,곰,악어,,눈,제비,가마솥,,드레스,코끼리
A10123,,,,진주,,,솥,,,
A10109,참새,,악어,,,,솥,별,,코끼리
A10116,가랫떡,,악어,,,,밥솥,,쥐구멍,삐에로
A10105,,곰,악어,진주,무지개,제비,솥,달,가게,
A10119,,,악어,,,,솥,별,,
A10112,참새,,악어,,구름,놀부,가마솥,,가게,삐에로
A10107,참새,곰,악어,,무지개,제비,가마솥,별,,코끼리
A10113,,,악어,,,,솥,막대,,소
A10103,,,,,,,,,,
A10120,,,악어,,,,가마솥,,,광대
A10108,전기,빛,악어,키,구름,박,솥,별,,코끼리
A10121,가스레인지,꽃,늪지대,흑기사,눈,게으름뱅이,솥,별똥별,결혼식자,황소
A10110,,,악어,,,,가마솥,,,코끼리
A10114,,,악어,,,,솥,별,,코끼리
A10202,,,악어,깃,,,솥,,,코끼리
A10207,새,ㅇ,악어,인어,무지개,제비,조선시대,별똥별,ㅇ,광대
A10201,전기뱀장어,꽃뱀,늑대,바다,무지개,흥부와 놀부,밥솥,크리스마스,뗌방,코뿔소
A10209,참새,,악어,진주,무지개,놀부,솥,별,,코뿔소
A10216,참새,곰,호랑이,진주,무지개,제비,솥,별,개,코끼리
A10219,전기구이,구미호,정글,바다,우주,놀부,가마솥,별똥별,거지,공연
A10208,참새,,악어,진주,무지개,돈,솥,별,,마술
A10214,훈제,벌,악어,진주,우산,제비,솥,별,크리스마스,코끼리
A10221,,곰,악어,목걸이,무지개,제비,가마솥,,,코끼리
A10213,새,겗뚫떯쀍꿹,악어,뾁뾁쒥쒷ㄺ쟖,무지개,뜕뜛뜛,가마솥,쀾쀾뾇,바늘,코끼리
A10225,,,악어,진주,무지개,,솥,,,코끼리
A10217,감전,,악어,,,,가마솥,,,
A10223,,,악어,,,제비,가마솥,,단추,코뿔소
A10203,생선,구미호,악어,인어공주,무지개,까치,솥가마,별,단추,삐에로(광대)
A10218,가래떡,곰,악어,진주,무지개,제비,가마솥,별,신데렐라,코끼리
A10222,참새,간,악어,미,무지개,제비,솥,별,단추,코끼리
A10224,콩,곰,악어,키조개,,,,,구멍난옷,코뿔소
A10210,고기,빗자루,늑대,눈물,무지개,밥,솥,별,바느질,삐에로
A10204,참새,벌,악어,진주,무지개,제비,가마솥,별,리본,코뿔소
A10205,참새,,악어,인어,무지개,제비,,별,단추,코뿔소
A10410,,,악어,,,제비,솥,,찢청,코뿔소
A10423,새,,악어,갯벌,구름,,솥,,크리스마스,코끼리
A10412,전기장어구이,여우쓸개 꿀맛,악어,흑인소녀가조갠다,하늘에서 프리즘과 비가내린다,,솥,,옷에구멍있는거장식,코뿔소서커스
A10404,,,,,,,,,,
A10417,,,,,,,솥,,,
A10401,참새,,악어,진주,무지개,제비,솥,,단추,코끼리
A10403,,,,,,,솥,,,
A10411,석회구이,모름,여우,인어공주,무지개,화투,밥솓,별,단추,코뿔소
A10409,.,.,악어,".	",.,제비,솥,.,.,코뿔소
A10414,떡,비,악어,,푸른,제비,솥,,집,
A10415,,,악어,,,,솥,,,
A10419,전자레인지,,악어,진주,무지개,제비,솥,,,코끼리
A10413,떡,,악어,,,제비,솥,,,코뿔소
A10422,참새,구미호,악어,갯벌,태양,제비,솥,크리스마스,바느질,코뿔소
A10407,참새,,,,,,,,,
A10421,,,악어,,무지게,,솟,별,,
A10402,참새,,악어,,,제비,밥솥,,,
A10408,,,악어,상,자외선,제비,솥,,품,단
A10406,참새,곰,악어,구이,파라 (하늘에서 정의가 빗발친다),포항사람들은 운전할때 포항포항~~~!!!!,솥,별,단추,코뿔소
A10424,참새,빼애애애애애애애애ㅐ애ㅐ애애애애애애애애ㅐ애애액,악어,빼애애애애ㅐ애애애애애애ㅐ애애애애애액,무지개,제비,솥,별,청바지,코뿔소
A10418,,,악어,,무지개,제비,솥,,,코끼리
A10420,떡,꿀벌,양,해녀,햇빛,놀부,솥,,,코끼리
A10509,전기뱀장어,꿀단지,하마,성냥팔이소녀,눈,몰라,몰라,몰라,몰라,몰라
A10503,오징어,곰,악어,진주,과학,놀부,솥,별,,삐에로
A10514,참새,,,,,,솥,,가게,코끼리
A10522,떡,비,악어,염소,우박,제비,가마솥,별자리,,코뿔소
A10506,,,악어,,눈,,,별똥별,,
A10521,장어,곰,악어,,무지개,제비,가마솥,,,코끼리
A10516,,비,악어,인어공주,구름,까치,가마솥,별,가게,
A10524,참새,,악어,진주,,,솥,별똥별,,코뿔소
A10511,전기,떡,악어,성냥,무지개,제비,솥,별,걸이,삐에로
A10515,이상범1,이상범2,이상범3,이상범4,이상범5,이상범6,이상범7,이상범8,이상범9,이상범10
A10502,떡,,악어,진주,무지개,까치,가마솥,별,,루돌프
A10508,,,,,무지개,,밥솥,별똥별,,
A10517,떡,팥,악어,진주,ㅁㄹ요,,솥,별,,코뿔소
A10510,참새,,,,무지개,,솥,별,,
A10523,전봇대,,악어,인어공주,안개,,가마솥,,,코끼리
A10501,,,악어,,,제비,,별동별,,
A10512,참새,,,,,제비,솥,별사탕,,광대
A10507,참새,이솝우화ㅋㅋㅋㅋ,악어,진주,무지개,제비,가마솥,한 소녀가 망원경을 든채로 바지막 소원을 빌었다 마지막으로 그 사탕을 닮은 그 행성을 볼 수있게 해 달라고,악한 자들은 자신에게 난(옷) 안좋은 점(구멍)을 장식으로 가리려한다,코뿔소
A10513,전봇대,벌,악어,인어공주,과학,까치,,,,코뿔소 
A10505,참새,비,,진주,,제비,솥,별,가게,코끼리
A10504,참새,,악어,진주,가을,제비,솥,별,,코끼리
A10519,전기통닭구이,내숭,악어,오혁,무지개,놀부,밥솥,달,함정,코뿔소
B20215,참새,간,악어,보석,무지개,제비,솥,별,단추,피에로
B20229,전봇대,곰,악어,미,무지개,주걱,솥,알,오버워치계정을 정지당해서 매우 힘들어어어 류승룡 기모찌~ 블리자드 코리아 일해라~~,코끼리
B20224,전봇대,곰,악어,인어,무지개,놀부,솥뚜껑,별똥별,찢어진청바지,코끼리
B20228,모름,구미호,악어,인어공주,엘사,제비,가마솥밥,할로윈,싱크홀,코뿔소
B20219,참새,간,악어,몰라요 ~.~,무지개,제비,가마솥,별,단추,삐에로
B20210,조개구이먹고싶당,구미호,이정우못생김,진주,무지개,Yes I'll love it !!,IOI,Forever,연정미나나영채연소혜도연청하소미세정유정결경,상랑행용♡
B20202,뭘까요?,곰,악어,인어공주,무지개,놀부,솥,포츈쿠키,뭘까요?,삐에로
B20221,참새,간,악어,진주,무지개,제비,솥,막대,단추,소
B20212,전기구이통닭,해장국,젤리,인어공주,파라,ㅁㄴㅇㄹ,누룽지,키스,단추,쇼하고자빠졌네
B20226,참새,,악어,인어,구름,놀부,솥,,,돌고래
B20207,전기,곰,악어,가장,우박,배려,누룽지,막대,배꼽티,코뿔소
B20211,전기,,악어,,무지개,까치,솥,,심조,코끼리
B20217,참새,곰,악어,진주,무지개,까치,솥,별,,코뿔소
B20216,참새,간,악어,바다,무지개,제비,솥,유리,벽,삐에로
B20222,참새구이,,악어,,무지개,,가마솥,별똥별,,광대
B20201,전깃줄방앗간구이,여우쓸개꿀,가죽이빨늪,흑조개소녀,하늘비프리즘,손님길조흥부,밥가마뚜껑,사탕망원경소원,구멍옷장식,뿔코서커스
B20206,장어,꿀 발라노은 쓸개,악어,,기적,판소리,취사,,구멍난 옷,코끼리
B20227,,,,,,,,,,
B20220,참새,개,악어,,무지개,,가마솥,별동별,단추,
B20218,귀요미,귀요미,귀요미,귀요미,귀요미,귀요미,귀요미,귀요미,뀨우우우우웅?,후ㅜ우우웅?
B20213,,,악어백,홍합,눈,제비,가마솥,,,코뿔소
B20223,,,,,,,,,,
B20208,,곰,악어,,무지개,까치,솥,알,빈티지,코뿔소
B20203,전기구이,,,,무지개,,솥,,도트,코뿔소
B20225,참새,곰,악어,,무지개,제비,솥,,단추,
B20204,,,악어,진주,      ,,솥,별,,
B20214,참기름,간,악어,진주,무지개,제비,가마솥,막대,브로치,코끼리
B20209,,,,진주,무지개,제비,,,,코뿔소
B20414,,,,,무지개,,,,,
B20404,전기,즙,악어,인어공주,무지개,제비,솥,별똥별,단추,코끼리
B20402,,곰,악어,친구,무지개,제비,가마솥,별사탕,단추,코끼리
B20405,전기,즙,악어,인어공주,무지개,제비,솥,별똥별,단추,삐에로
B20415,,오줌,,,,,솥,별,,
B20419,가래떡,곰,악어,진주,무지개,제비,가마솥,남산타워,가게,코뿔소
B20429,참새,구미호,악어,갯벌,무지개,제비,가마솥,달,산타 할아버지,코뿔소
B20417,새,두루미,사자,진주,무지개,제비,쌀,별,단추,광대
B20407,,곰,악어,진주,무지개,제비,가마솥,별사탕,단추,삐에로
B20413,참새,간,키,키,무지개,놀부,솥,별똥별,단추,코끼리
B20418,쥐포,구미호,,,무지개,제비,가마솥,별똥별,단추,코끼리
B20406,,즙,,,,,솥,별,단추,피에로
B20401,떡,곰,악어,진주,무지개,제비,솥,별,단추,코끼리
B20421,장어,간,악어,인어,무지개,제비,가마솥,별,단추,코뿔소
B20426,장어,간,악어,진주,무지개,제비,가마솥,별,단추,코뿔소
B20408,,구미호,악어,진주,무지개,,가마솥,별사탕,,코뿔소
B20423,참새,,악어,진주,구름,제비,가마솥,별,가게,코끼리
B20403,매뚜기,곰,악어,진주,무지개,제비,가마솣,별사탕,단추,코끼리
B20424,쥐포,구미호,악어,인어공주,무지개,제비,솥,별똥별,크리스마스,코끼리
B20409,전기,곰,악어,진주,무지개,제비,가마솥,별사탕,단추,코끼리
B20428,참새,간,악어,진주,무지개,제비,솥,별사탕,단추,코끼리
B20425,장어,간,가죽,진주,무지개,제비,가마솥,별,단추,코뿔소
B20420,새,간,악어,인어,무지개,제비,솥,별,단추,유니콘
B20427,장어,간,악어,진주,무지개,제비,가마솥,별,단추,코뿔소
B20410,떡집,ㅇ,ㅇ,ㅇ,ㅇ,ㅇ,ㅇ,막대사탕,ㅇ,코뿔소
B20416,전기,,악어,진주,눈,제비,가마솥,별,단추,코뿔소
B20411,석쇠,곰,악어,진주,무지게,까치,솥,동전,단추,삐에로
B20317,참새,간,악어,진주,무지개,까치,가마솥,별,단추,삐에로
B20312,참새,간,악어,인어공주,무지개,까치,가마솥,별,단추,삐애로
B20313,참새,곰,요정,인어공주,무지개,제비,가마솥,별,단추,삐에로
B20304,참새,곰,악어,해녀,무지개,,솥,별,단추,삐에로
B20306,참새,.,악어,인어공주,무지개,제비,솥,별,단추,광대
B20319,참새,곰,악어,해적,무지개,까치,솥,별,단추,삐에로
B20328,참새,곰,악어,진주,무지개,까치,솥,별,단추,삐에로
B20329,참새,,악어,해녀,무지개,,솥,별,단추,삐에로
B20314,참새,곰,,해녀,,,솥,,단추,
B20330,참새,곰,악어,해녀,무지개,까치,손,별,단추,삐에로
B20308,참새,곰,악어,인어공주,무지개,제비,솥,별,단추,삐에로
B20302,참새,곰,악어,인어공주,무지개,제비,솥,별,단추,삐에로
B20301,참새,곰,악어,흠...말해야되나요 하하하하하하,무지게,제비,밥솥,별,단추,광대
B20307,참새,곰,악어,인어 공주,무지개,제비,밥 솥,별,단추,삐에로
B20316,참새,곰,악어,해녀,무지개,까치,솥,별,단추,삐에로
B20320,참새,성대,숲,해녀,무지개,놀부,솥,별,단추,코뿔소
B20326,참새,곰,악어,해녀,무지개,까치,솥뚜껑,별,단추,피에로
B20315,참새,곰,,해녀,무지개,,솥,,,
B20311,참새,곰,악어,,무지개,까치,솥,별,,광대
B20305,참새,곰,악어,해녀,무지개, ,솥,별,단추,코뿔소
B20321,참새,곰,악어,해녀,무지개,까치,솥,별,단추,삐에로
B20303,참새,곰,악어,인어공주,무지개,제비,솥,별,단추,삐에로
B20324,참새,곰,악어,해적,무지개,까치,솥,별,단추,삐에로
B20327,참새,곰,악어,진주,무지개,까치,솥,별,단추,삐에로
B20322,참새,곰,악어,해녀,무지개,까치,솥,별,단추,삐에로
B20318,참새,곰,,해적,,,솥,별,,삐에로
B20309,참새,곰,악어,인어공주,무지개,제비,솥,별,단추,피에로
B20310,참새,곰,악어,해녀,무지개,,솥,별,단추,광대
B20325,참새,곰,악어,해적,무지개,까치,솥,별,단추,삐에로
B20626,모,르,겠,어,요,너,무,어,려,워
B20604,참새,곰,악어,진주,무지개,제비,솥,별,시스루,코끼리
B20616,참새,곰돌이 푸,악어,진주,무지개,제비,솥,별,건담,코끼리
B20606,참새,곰,악어,진주,무지개,제비,가마솥,별,,코끼리
B20617,참새,,악어,진주,무지개,,,,,
B20619,참새,곰,악어,진주,,까치,가마솥,별똥별,,코끼리
B20605,참새,,악어,,무지게,흥부와 놀부,가마솥,,,코뿔소
B20629,,,악어,인어공주,x,흥부놀부,밥솥,원,,코뿔소
B20611,참새,사기꾼,악어,흥부전,무지개,불행,전기밥솥,쪽지,카라스,놀이동산
B20613,참새,에이,악어,몰라,러브라이브,팥쥐,가마솥,사랑해,코뿔소,헿
B20601,방안갓,슬개,입,흑,비,손님,밥,먹거리,옷,도물
B20609,안,녕,하,세,요,반,가,워,요,다
B20622,참새,,악어,인어공주,,,솥,별똥별,,
B20627,생선구이,구미호,악어,인어공주,눈,제비,솥,별똥별,트리,코끼리
B20623,참새,숲,정글,바다,밤,조선시대,병,달,옷가게,코뿔소
B20615,참새,단지,악어,진주,무지개,제비,솥,별,깃,코끼리
B20607,주효,주효,주효,주효,주효,주효,주효,주효,주효,주효
B20620,참새,,악어,진주,스톤,까치,솥,별,,코끼리
B20618,,,,,,,,,,
B20602,참새,,,,,,,,,
B20625,참새,곰,악어,진주,무지개,까치,솥,별,지렁이,코끼리
B20621,,,악어,진주,눈,,솥,별똥별,단추,
B20614,참새,단지,악어,진주,무지개,까치,밥솥,별/달,주름,코끼리
B20608,참새,두루미,악어,연가,무지개,제비,밥무근,검정고무신,빈티지 패션,코끼리
B20628,,,악어,인어공주,눈,,솥,별똥별,,코끼리
B20624,,,악어,,무지개,,솥,,,
B20612,참새,곰,악어,,,,솥,별,,광대(?)
L10111,참새,단지,악어,인어,구름,제비,가마솥,별,단추,어릿광대
L10124,참새,,늪지대,,원소술사럭스,올라프,노틸러스,케이틀린,,카서스
L10120,참새,벌,악어,진주,산성,제비,솥,별,거지,코끼리
L10104,,,,진주,,제비,솥,,,
L10112,전기구이,늑대,피라냐,인어,행운,나그네,밥솥,별똥별,드레스,코끼리
L10118,참새,곰,악어,,무지개,밥,밥솥,,,
L10109,,,악어,,,제비,쌀,,가게,삐에로
L10115,전기,곰,,해녀,여우비,제비,솥,별,,코뿔소
L10123,전기뱀장어,,악어,흑진주,,제비,가마솥,별,,코끼리
L10113,,,,,,까치,가마솥,별똥별,패션,코끼리
L10117,참새,곰,악어,흑진주,무지개,까치,솥,별,크리스마스 트리,코뿔소
L10119,,,악어,,,,,,,코끼리
L10121,참새,,악어,진주,,제비,가마솥,별,,코끼리
L10125,참새,,,,무지개,까치,,,,코뿔소
L10116,참새,곰,악어,,우산,까치,가마솥,별,귀걸이,코뿔소
L10106,오징어구이,토끼,호랑이,바다,빗방울,흥부와놀부,가마솥,영화,패션디자이너,코뿔소
L10110,,,,,,,,,,
L10107,,,악어,,번개,,솥뚜껑,,,코뿔소
L10114,전기구이,기여운곰돌이푸우,늑대,흑돼지,정은지,까치,뜨거움,별똥별,거지,서커스코뿔
L10108,,,,,고드름,,밥솥,할로윈,,광대
L10105,참새,구미호,악어,인어공주,빛,제비,가마솥,별,,코끼리
L10101,생선,단지,늑대,진주,무지개,제비,솥,별,,삐에러
L10102,,,,,,행운,솥,별,단추,코끼리
L10413,소,,악어,흑진주,무지개,제비,가마솥,,,웃긴
L10415,    ,,악어늪,진주,물웅덩이,,,,,코끼리
L10402,떡구이,구미호,악어,모래,제우스,까치,가마솥,산타할아버지,단추,코풀소
L10409,분식집,구미호,악어,흑진주,오목렌즈,소문,압력밥솥,할로윈,새탁소,삐에로
L10407,참새,형래,사랑해,진주,무지개,제비,형래,"정말 좋아해 , 내 마음을 받아줘 ",내가 많이 잘해줄 자신도 있고 널 정말 행복하게 해줄거야 우리 함께 하지 않을래 ?,코뿔소
L10422,참새,곰,악어,진주,무지개,제비,가마솥,,,
L10420,,,,,레이저,,가마솥,,,
L10403,고깃집,구미호,악어,흑진주,무지개,제비,가마솥,보름달,드레스,코뿔소
L10416,참새,거북이,악어,,무지개,,솥,,청바지,
L10421,참새,곰,악어,,,,솥,별,가게,삐에로
L10411,떡꼬치,거북,악어,흑진주,무지개,제비,밥솥,요정,리폼,코뿔소
L10408,떡,곰,악어,진주,무지개,까치,가마솥,달,드레스,코뿔소
L10406,조개구이,구미호,악어,인어공주,태양,놀부,가마솥돼지고기,놀이공원,빈티즈,동물원
L10401,전기구이,곰,타잔,인어공주,제우스,손님을 부르는 고양이,가마솥,별,찢어진 청바지,동물 서커스
L10418,콩,잠,악어,흑진주,무지개,까치,솥,어린왕자,가게,광대
L10412,,,악어,진주,무지개,제비,,별동별,,
L10423,새,벌,악어,진주,무지개,까치,솥,별,가게,코끼리
L10414,전기구이,벌,곰,우렁이,무지개,청포도,솥,생일,단추,코뿔소
L10419,참새,단지,악어,진주,무지개,까치,가마솥,막대,,코끼리
L10320,참새,간,악어,진주,무지개,제비,솥,별동별,크리스마스,코뿔소
L10303,참새,,악어,,무지개,제비,가마솥,별,크리스마스,코끼리
L10301,참새,,악어,진주,무지개,제비,가마솥,크리스마스,스타일,코끼리
L10310,참새,,호랑이,진주,무지개,까마귀,가마솥,할로윈,,코끼리
L10305,참새,,악어,,무지개,제비,가마솥,별똥별,,코끼리
L10317,참새,곰,악어,진주,무지개,제비,가마솥,별똥별,크리스마스,코끼리
L10306,참새,,악어,,무지개,까치,솥,별,,코끼리
L10313,참새,곰,악어,갯벌,무지개,제비,가마솥,별똥별,크리스마스,코끼리
L10319,참새,곰,악어,갯벌,무지개,제비,가마솥,별똥별,크리스마스,코끼리
L10322,참새,곰,악어,갯뻘,무지개,제비,가마솥,별똥별,크리스마스,코끼리
L10316,참새,곰,,진주,무지개,제비,가마솥,별똥별,가게,코끼리
L10312,참새,곰,악어,진주,무지게,제비,가마솥,별똥별,크리스마스,코뿔소
L10323,,,,,,,,,,
L10311,참새,,,진주,무지개,제비,솥,별똥별,,코뿔소
L10318,참새,곰,,개뻘,무지게,제비,밥솥,별똥별,크리스마스,코끼리
L10302,참새,,악어,,무지개,새해,솥,,,코끼리
L10307,참새,,악어,,무지개,까치,솥,별,,
L10315,,,악어,개뻘,무지게,제비,,,구멍가게,코끼리
L10309,참새,,호랑이,갯벌,무지개,,가마솥,,가게,코끼리
L10321,참새,곰,악어,진주,무지개,제비,가마솥,별똥별,가게,코끼리
L10205,새,곰,악어,진주,무지개,제비,가마솥,별,친구를만나느라 샤샤샤,피에로
L10208,참새,곰,악어,진주,무지개,까치,가마솥,별똥별,,루돌프
L10216,전기뱀장어,여우쓸개는 꿏처럼 맛나다,악어,흑조개소녀,,제비,솥,별똥별,단추,코뿔소
L10221,전기뱀장어,벌,악어,인어공주,무지개,놀부,가마솥,별똥별,단추,코뿔소
L10217,참새,곰,악어,갯벌,무지개,제비,가마솥,별똥별,,코끼리
L10218,장어,곰,호랑이,인어공주,무지개,제비,가마솥,별똥별,,소
L10207,참새,포도,악어,인어공주,무지개,길,솥,별,브로치,코뿔소
L10201,구이,꿀,이빨,흑,프리즘,길조,가마,사탕,옷,코
L10215,장어구이,곰,악어,인어공주,무지개,제비,가마솥,별똥별,드레스,삐에로
L10203,참새,,악어,진주,무지개,까치,솥,별똥별,,루돌프
L10214,전기뱀장어,굴,악어,갯벌,,제비,가마솓,,,삐에로
L10206,참새,포도,악어,인어공주,무지개,제비,가마솥,별,주은,코뿔소
L10202,참새,,악어,진주,,제비,솥,별,,코뿔소
L10223,양희은퇴날짜,병신,악어,이정춘조까,무지개,까치,가마솥,별똥별,똥꼬,코뿔소
L10204,생선구이,벌,악어,진주,무지개,제비,가마솥,별,바느질,코끼리
L10220,참새,곰,악어,진주,무지개,제비,가마솥,,,삐에로
L10210,전기뱀장어,벌,악어,인어,불빛,제비,가마솥,별똥별,디자이너,코끼리
L10209,음식,모름,악어,흑진주목걸이,무지개,까치,가마솥,별똥별,모름,코뿔소
L10213,장어,곰,악어,인어공주,무지개,제비,가마솥,별똥별,지하실,코뿔소
L10219,전기뱀장어,곰,악어,진주,무지개,제비,솥,별똥별,드라마,삐에로
L10212,참새,곰,악어,,무지개,제비,솥,별,,코끼리
L10211,참새,곰,악어,인어소녀,무지개,제비,가마솥,별똥별,응디시티,코끼리
L10222,조개,곰,악어,빨간망토,구름,놀부,솟,솜사탕,옷걸이,코뿔소
L20108,참새,곰,악어,진주,무지개,까치,가마솥,별똥별,허수아비,코끼리
L20118,모텔,개꿀,사냥꾼,19금,우박,돈,밥도둑,망가,망사옷,스트립클럽
L20102,,,악어,,무지개,까치,솥,,,
L20113,곰치,개꿀,,,,,,,,
L20121,전기뱀장어,곰,악어,음경,무지개,제비,솥가마,별,시스루,코끼리
L20101,전기뱀장어,곰,악어,,무지개,제비,밥솥,,주머니,코끼리
L20107,,,,,,놀부,가마솥,,트리,코뿔소
L20114,몰라,쓸개즙,악어,몰라,무지개,몰라,가마솥,별,단추,코뿔소
L20117,,,,,,,솥,,,
L20109,,,악어,,무지개,,솥,,,피에로
L20105,,,,진주,눈,,쌀,별,가게,
L20110,,,악어,,무지개,제비,솥,별,가게,코끼리
L20112,전기,즙,악어,인어공주,기후,박,솥,성취,방탄복,코뿔소
L20122,?,즙,악어,진주,무지개,제비,솥,별,바늘,코끼리
L20106,참새 ,곰,명품 ,진주,무지개,놀부,가마솥,별똥별,레이스,코뿔소
L20116,전기뱀장어,고기,악어,흑,파란,거지,왕,별똥별,디자인,코끼리
L20111,숯불구이,두루미,악어,인어공주,무지개,놀부,솥,별똥별,단추,코뿔소
L20104,참새,곰,악어,,무지개,제비,밥솥,,,광대
L20120,,,,,,,솥,별,,소
L20313,전기충격기,안녕,하이 ,HELLO,BYE,속박 ,제드 ,"1,2반 VS 3반",박근혜 하야,코끼리
L20305,참새,,악어,인어공주,무지개,제비,솥,별,,삐에로
L20321,떡,가죽,악어,흑인,무지개,까치,솥,별똥별,개,코뿔소
L20317,가래떡구이,개꿀,악어,흑진주,무지개,까치,솥,망안경와드,빵꾸똥꾸,코뿔소
L20304,참새,,악어,,무지개,제비,솥,별,,
L20301,참새,구미호,악어,조개껍질묶어 그녀에 목에걸고~,무지개,까치,가마솥,별,크리스마스 메리솔크 ,코끼리
L20318,통,비실이,악어,장사,비,놀부,솥,성취,걸이,코뿔소
L20316,전깃줄구이,마시쪙,악어,진주,무지개,까치,솥,소원을말해봐,패션의완성,코뿔소
L20315,,,,,,,,,,
L20303,참새,,,,무지개,제비,가마솥,별,,코끼리
L20312,전기충격기,,롤:레넥톤 아니면 악어,롤:럭스 ,,,,,,코뿔소
L20306,전기구이,잔꾀,정글,진주,무지개,놀부,밥솓,동그라미,거지,코끼리
L20310,참새,,악어,,무지개,제비,,별,단추,
L20319,전기충격기,,악어,,무지개,,가마솥,별똥별,개구멍,코끼리
L20308,참새,,,,무지개,제비,솥,별,,코끼리
L20311,,,악어,,무지개,까치,가마솥,별,단추,
L20302,,,악어,,무지개,제비,요리,별,,코끼리
L20307,새,꼬리,악어,인어,무지개,까치,솥,별,옷걸이,코끼리
L20309,참새구이,즙,악어,인어공주,무지개,제비,솥,별,주머니,코뿔소
L20413,장어,개꿀,늑대,,눈,흥부와놀부,가마솥,소원이,장식품,코뿔소
L20403,찹쌀전기구이,잠,악어,소녀시대,무지개,쌀가마니,가마솥,별똥별,시스루,코뿔소
L20407,장어,,늑대,,페브리즈,흥부와놀부,솥,꿈,브릿지,코뿔소
L20410,참새,맛잇는,악어,소녀,날씨,놀부,가마솥,알라딘,옷,코뿔소
L20411,전기,벌,야생동물,인어,빛,노동,가마솥,도,실,코뿔소
L20401,비둘기,곰,악어,흑진주,거울,제비,솥뚜껑,별똥별,단추,코뿔소
L20406,참새,곰,악어,흑진주,무지개,제비,솥,소녀시대,단추,삐에로
L20418,참새,집,악어,흑형,무지개,놀부,쌀,별,옷구멍장식,코뿔소
L20415,참새,곰,악어,갯벌,무지개,놀부,솥,별,가게,코끼리
L20416,참새,꾀,악어,흑누나,무지개,놀부 보쌈,솥뚜껑 삼겹살,순수함,주머니,코끼리
L20420,참새,밥,악어,진주,무지개,제비,가마솥,공,마음,코뿔소
L20405,새,약,짐승,흑진주,날개,까치,솥,별똥별,가게,
L20419,비둘기,개꿀잼,지대,흑누나,하늘,놀부,밥,소원,장식물,코뿔소
L20402,참새,곰,,진주,무지개,까치,솥,별,,코뿔소
L20421,참새,개꿀잼,흑누나,인어공주,소나기,흥부와놀부,가마솥,알라딘,,코뿔소
L20414,,,악어,,,,밥솥,,단추,코뿔소
L20417,부엌,숲,동물,바다,구름,까치,부엌,어린이,수선원,코뿔소
L20412,스파크가 튄다,푸,악어,조개맨의 흑세라 딸,오로라 리듬 프리즘 스타,까치,황토 뚜껑을 사용한 가마에서 갓 나온 밥,별똥별,단추,코끼리
L20206,전기구이,,늪가죽이빨,거지,,좋은,압력밥솥,,구멍난장식달린옷,
L20208,떡,간,피,진주,광합성,놀부,솥,솜,걸이,소
L20219,가게,생물,우포늪,흑인,과학,부처님,음식가게,휴식,거지,개그
L20217,,,악어,,무지게,,가마솥,별,가게,코끼리
L20210,전기구이,동물,사람,흑인,무지개,까치,가마솥,반딧불,가게,코끼리
L20204,참새,,악어,진주,무지개,까치,솥,별,단추,코끼리
L20211,떡,,악어,,무지개,,솥,,,코끼리
L20209,떡,간,몰라,흑조개소녀,프리즘스톤,학,솥,돌,단어,코뿔소
L20207,참새,여자,악어,진주,무지개,제비,솥,별,단추,코끼리
L20221,전기구이,,악어,,,,밥솥,,드레스,코뿔소
L20215,참새,구미호,악어,,무지개,제비,솥,별,,삐에로
L20203,참새,,악어,,무지개,,솥,,,
L20213,전기구이,여우잡이,악어,흑인,무지개,운,가마솥,별,가게,코끼리
L20212,모,르,겟,어,요,이,런,거,ㅎ,ㅎ
L20202,,,,,무지개,,솥,별,단추,
L20216,전기떡구이,,악어,,,흥부보쌈,솥,,,
L20201,전기,,악어,진주,무지개,,솥,별,,코끼리
L20220,전기떡구이,여우쓸개를 곁들인 꿀,가죽을 이빨로 싶고 늪에 버림,흑조개를 캐서 날로 먹은 소녀,비내리는 하늘에 프리즘을 댄다,손님 대접 못받는 흥부,가마솥,사탕과 망원경 받길 원하는 소녀,구멍나 옷은 나의 장식품,삐에로
R10631,,,,,,,,,,
R10602,,,,,,,,,,
R10601,,,,,,,,,,
R10801,,,,,,,,,,
E10401,,,,,,,,,,
R10822,,,,,,,,,,
R10820,,,,,,,,,,
R10815,,,,,,,,,,
R10824,,,,,,,,,,
R10807,,,,,,,,,,
R10812,,,,,,,,,,
R10828,,,,,,,,,,
R10817,,,,,,,,,,
R10827,,,,,,,,,,
R10829,,,,,,,,,,
R10826,,,,,,,,,,
R10803,,,,,,,,,,
R10809,,,,,,,,,,
R10811,,,,,,,,,,
R10821,,,,,,,,,,
R10804,,,,,,,,,,
R10825,,,,,,,,,,
R10810,,,,,,,,,,
R10805,,,,,,,,,,
R10802,,,,,,,,,,
R10631,참새,구미호,악어,,무지개,제비,솥,,단추,코끼리
R10603,번개,곰,악어,인어공주,무지개,잔치,밥솟,악마,,원숭이
R10628,,,악어,,무지개,제비,가마솥,별똥별,도트무늬,투우
R10622,전기,간,악어,,무지개,제비,,,,
R10605,,,악어,,,까치,솥,,,코끼리
R10601,참새,구미호,악어,진주,무지개,까치,솥,막대,큰,코뿔소 서커스
R10629,고등어,벌,악어,,무지개,까치,솥(뚜껑),별(똥별),단추 ,코뿔소
R10613,생선,비,악어,해녀,구름,까치,가마솥,별,바느질,코끼리
R10619,떡,용왕,악어,인어공주,리산드라,놀부,시골,애기,골동품,정현쟈
R10630,구우다,달다,악어,여자,하늘,옛날이야기,가마솥,별똥별,코디,피에로
R10609,,,악어,,무지개,까치,솥,,,
R10627,,,,,무지개,까치,,,수선,
R10621,마쉬멜로우,곰,악어,진주,무지개,재비,솥,별똥별,장농,코뿔소
R10604,,,악어,,무지개,까치,가마솥,,,
R10610,장어,곰,악어,,무지개,제비,솥,별,,코뿔소
R10625,방아깨비,장미,악어,고래,무지개,전,솥,별,귀걸이,코끼리
R10611,,,,,,,,,,
R10623,,,늑대,,무지개,까치,솥,,,코뿔소
R10607,,,,,,,,,,
R10624,,,,,무지개,,가마솥,,,
R10620,,,악어,인어,날씨,,,,,
R10606,생선,동물,뱀,흑형,동해물과 백두산이 마르고 닳도록 하느님이 보우하사 우리나라 만세 무궁화 삼천리 화려강산 대한사람 대한으로 길이 보전하세 무궁화 삼천리 화려강산 대한사람 대한으로 길이 보전하세,진상손님,솥생,별똥별,크리스마스트리,코끼리
R10617,통구이,잼,악어,진주,무지개,제비,솥,사탕수수,가게,소
R10615,,,악어,,무지개,,가마솥,,청바지,코뿔소
R10329,참새,구미호,악어,인어,무지개,제비,솥,별,가게,코끼리
R10308,고등어,로모띠,악어,핀락,무지개,마당쇠,가마솥,별똥별,크리스마스,코끼리
R10306,참새,구미호,악어,진주,무지개,제비,솥,별,단추,코뿔소
R10312,참새,곰,악어,진주,무지개,제비,솥,별,단추,코끼리
R10330,참새,구미호,악어,인어,무지개,제비,누룽지,보름달,단추,코끼리
R10310,참새,구미호,악어,흑진주,무지개,까치,가마솥,별,단추,코끼리
R10315,참새,구미호,악어,홍합,무지개,제비,솥,별,단추,코끼리
R10328,기계,음식,악어,조개팔이소녀,무지개,놀부,솥,어린이,거지,코끼리
R10318,전기구이,건강,악어,인어공주,무지개,복,가마솥,크리스마스,빈티지,코뿔소
R10303,참새,구미호,악어,,무지개,제비,솥,별,단추,코끼리
R10327,기계,음식,악어,바다,무지개,놀부,솥,어린이,거지,코끼리
R10323,참새,물,악어,진주,무지개,제비,솥,별,단추,삐에로
R10324,학교,푸,악어,키조개,그리폰,제비,가마솥,컴퓨터,피자,코끼리
R10322,참새,곰,악어,진주,무지개,제비,솥,별,단추,코끼리
R10302,참새,곰,악어,진주,무지개,제비,솥,어린왕자,단추,코끼리
R10304,참새,구미호,악어,진주,무지개,까치,가마솥,별,단추,코뿔소
R10325,전기,간,악어,인어,무지개,,솥,별,단추,코끼리
R10313,참새,구미호,악어,진주,무지개,까치,가마솥,별,단추,코끼리
R10320,전기뱀장어,벌집,악어,키조개,무지개,까치,솥,별똥별,찢어진청바지,코뿔소
R10311,참새,곰,악어,진주,무지개,제비,솥,별,단추,코끼리
R10301,,,악어,,무지개,,솥,별,단추,
R10305,,구미호,악어,,무지개,까치,가마솥,할로윈 데이,단추,코뿔소
R10319,qnrn,ekrn,dirn,qorn,wnrn,dkrl,rhfo,tkwk,dbdn,dhdl
R10309,뱀장어,구미호,악어,해녀,무지개,까치,가마솥,별똥별,단추,코끼리
R10331,참새,벌,악어,흑진주,무지개,제비,솥,별,시쓰루,코끼리
R10326,참새,,악어,키조개,무지개,제비,누룽지,산타,단추,코끼리
R10317,참새,곰,악어,진주,무지개,놀부,가마솥,별,단추,코끼리
R10307,참새,곰,악어,진주,무지개,까치,솥,별,단추,코끼리
R10316,참새,곰,악어,진주,무지개,제비,솥,별,단추,코끼리
R10314,참새,벌,호랑이,엄지공주,무지개,제비,가마솥,별똥별 ,단추,코끼리
R10202,대한민국 정부들 이때까지 뭐했노 어!뭐했어 이기 심심하면 ,불러다가 빽빽빽빼이 쿵따라따라따라 제가 언제 대한민국 ,악어,경제 살리겠다고 말이나 했씁니까,무지개,,가마솥 밥,,,코끼리
R10213,,,악어,,무지개,까치,솥,별동별,,
R10230,생선,벌,악어,인어,햇빛,까치,가마솥,보름달,디자이너,코끼리
R10218,,곰,악어,,무지개,까치,가마솥,,,코끼리
R10223,바베큐,음식,악어백,인어공주,무지개,흥부와놀부,밥솥,별동별,데코,코뿔소
R10222,새,,악어,,무지개,까치,가마솥,남산타워,,삐에로
R10212,김주환,김주환,김주환,김주환,김주환,김주환,김주환,김주환,김주환,김주환
R10229,전기구이,,악어,해녀,무지개,놀부,가마솥,생일선물,,광대
R10206,전봇대,,악어,,무지개,까치,가마솥,허블망원경?,,코뿔소
R10208,구이하니까 통닭이먹고 싶닭,여우쓸개는 꿀에 찍어먹으면 꿀맛,가죽을 늪에서 씻었는데 가죽에 이빨이 박혀있었다는 전설이,흑조개를 먹는 거무잡잡한소녀,안경을 쓴소녀가 비가온뒤 하늘을 봣는데 알고보니 안경알이 프링즈,쉬갓미 고 크레이지,이엑소 몬스터,왜심장이 뛰니,이엑소 몬스터,크리핑
R10232,전봇대,꿀차,악어,갯벌,무지개,,가마솥,별동별,,
R10225,참새,구미호,,아리엘,무지개,까치,솥,별똥별,,
R10215,,,악어,인어공주,무지개,제비,가마솥,,,코끼리
R10217,참새,..,악어,..,무지개,..,가마솥,별,단추,코뿔소
R10201,전봇대,앙 기모띠,안녕하세여ㅕ~~~,조개소녀,과학시간,흥부와놀부,가마솥 밥,할로윈데이,드레스,코뿔소
R10216,,,,바다소녀,,,,별,,코끼리쇼
R10205,참새,,악어,갯벌,무지개,제비,가마솥,별똥별,단추,코뿔소
R10224,참새,,악어,,무지개,,가마솥,,,
R10207,참새,간,악어,속,,박,가마솥,,,코끼리
R10231,,,악어,진주,,,솥,,,
R10204,장어,곰,악어,갯벌,여우비,국자,가마솥,어린왕자,도트무늬,코뿔소
R10211,전기뱀장어,,악어,,무지개,까치,가마솥,,,코뿔소
R10227,숯불갈비,여우고기,악어,흑인여자,사랑비,제비,밥솥,별동별,빵구난스타킹,코끼리
R10214,,,,인어공주,무지개,까치,가마솥,,,
R10228,고구마,곰,악어,인어공주,무지개,제비,가마솥,별똥별,거지,삐에로
R10220,참새,곰,악어,이너,눈,까치,가마솥,별똥별,비즈,코뿔소
R10210,참새,,악어,,무지개,제비,가마솥,별,가게,코끼리
R10827,,,,,,,,,,
R10811,,,,,,,,,,
R10810,,,,,,,,,,
R10821,,,,,,,,,,
R10826,,,,,,,,,,
R10807,,,,,,,,,,
R10803,,,,,,,,,,
R10809,,,,,,,,,,
R10804,,,,,,,,,,
R10805,,,,,,,,,,
R10802,,,,,,,,,,
R10829,,,,,,,,,,
R10815,,,,,,,,,,
R10825,,,,,,,,,,
R10812,,,,,,,,,,
R10817,,,,,,,,,,
R10824,,,,,,,,,,
R10820,,,,,,,,,,
R10828,,,,,,,,,,
R10822,,,,,,,,,,
,,,,,,,,,,
,,,,,,,,,,
,,,,,,,,,,
,,,,,,,,,,
,,,,,,,,,,
,,,,,,,,,,
,,,,,,,,,,
,,,,,,,,,,
,,,,,,,,,,
,,,,,,,,,,
,,,,,,,,,,
,,,,,,,,,,
,,,,,,,,,,
,,,,,,,,,,
,,,,,,,,,,
,,,,,,,,,,
,,,,,,,,,,
,,,,,,,,,,
R10827,전기뱀장어,불여우,소,흑인,비행기,놀부,밥솥,소원,트리,광대
R10829,,,,,,,,,,코끼리
R10803,,,,,,,솥,,가게,
R10811,빨간망토,별주부전,양치기소년,인어공주,파랑새,흥부와 놀부,우렁각시,헨젤과그레텔,신데렐라,피노키오
R10824,,,악어,인어공주,눈,,가마솥,,,코끼리
R10815,쇠,벌,상상이,마늘,김치년,응 니여친 은지다.    묵은지,ㅇㅈ?     ㅇㅈ,소망,창창이,강한태머리웅이
R10810,참새,토끼,새,염소,눈,놀부,솥,할로윈데이,꽃,코끼리
R10825,전기구이,간,악어,미,무지개,까치,솥,별,가게,삐에로
R10804,,구미호,악어,해녀,비,흥부와놀부,밥솥,별똥별,패션디자이너,코끼리서커스
R10828,참새,,악어,,,제비,,,,코끼리
R10805,참새,곰,악어,해녀,구름,까치,솥,선물,상현이,코뿔소
R10812,,,,,,,,,구장,
R10822,"영웅은 죽지 않아요,,,","영웅은 죽지 않아요,,,","영웅은 죽지 않아요,,,",진주,무지개,"영웅은 죽지 않아요,,,",밥솥,"영웅은 죽지 않아요,,,","영웅은 죽지 않아요,,,","영웅은 죽지 않아요,,,"
R10807,,,대,,,까치,가마솥,,가게,코끼리
R10826,,,악어,진주,무지개,까치,솥,,단추,
R10809,참새,곰,악어,인어공주,눈,제비,가마솥,별똥별,헌옷,코끼리
R10821,참새,꿀벌,악어,바다,무지개,흥부와놀부,밥솥,별똥별,옷,뤠부레루레리
R10820,전기구이,,표범,,,흥부와 놀부,솥,별똥별,주머니,바다코끼리
R10817,,,야생동물,,파랑색,,주방,,,코끼리
R10802,떡,동화책,몰라,성냥팔이 소녀,먹구름,흥부와 놀뷰,왕,불량식품,옷장,코뿔소
E10113,생선구이,구미호,악어,눈,무지개,부자,밥솥,전망대,옷걸이,삐에로
E10105,전기구이,,악어,,눈,,솥뚜껑,생일,크리스마스트리,삐애로
E10103,,,,,,,솥,,,
E10118,,,,,,,,,,
E10111,,,악어,,,,솥,달,,코끼리
E10108,,,악어,,,,솥,별,단추,코끼리
E10104,,,악어,해녀,,,솥뚜껑,별똥별,단추,코뿔소
E10117,,,,,측우기,,,별동별,,코끼리
E10106,,구미호,,,,참새,솥뚜껑,,,코뿔소
E10116,참새,간,악어,진주,무지개,제비,솥,별,가게,코끼리
E10102,전기 방앗간 구이,여우먹는 슬개 벌이 꿀먹는다,악어,흑소년 조개 먹는다,구름,놀부,가마솥,소원으로 사탕과 망원경을 달라고 한다,낙서,코뿔소
E10114,참기름,꿀벌,악어,,수증기,놀부,가마솥,별동별,단추,코끼리
E10107,바비큐,여우는 꿀맛이다,이빨로 늪에서 가죽을 구했다,소녀가 조개를 잡았는데 그게 흑조개,오늘 비내리는데,힘들엉,맛있쪙,청소년,바느질,코뿔소
E10218,토끼,용왕님,악어,인어공주,우박,참새,가마솥,달님,쥐,코뿔소
E10213,전기구이,곰,악어,인어공주,우산,너,밥솥,별똥별,옷걸이,코뿔소
E10205,ㅇ,ㅇ,ㅇ,ㅇ,ㅇ,ㅇ,ㅇ,ㅇ,ㅇ,ㅇ
E10208,ㅇ,ㅇ,ㅇ,ㅇ,ㅇ,ㅇ,ㅇ,ㅇ,ㅇ,ㅇ
E10219,참새,곰,늑대,인어공주,무지개,,가마솥,별똥별,,
E10209,가래떡,벌,악어,여자,물,거지,밥솥,별똥별,,소
E10201,참새,곰,늑대,기사,,박,솥,통일,,
E10206,참새구이,몰라,악어,해녀,무지개,몰라,가마솥,별사탕,단추,코뿔소
E10217,고등어구이,곰,악어,굴비,무지개,제비,솥뚜껑,별똥별,모름,삐에로
E10216,manners maketh man,love yourself,악어,problem,we always love you,lotte giants,솥,v3,단추,손아섭
E10203,,배,악어,,,,솥,별,,삐에로
E10202,,,악어,,무지개,,솥,별,단추,코끼리
E10204,,,,,,,솥,,,삐에로
E10212,견과류,곰,악어,갯벌,무지개,제비,솥,별똥별,드레스,삐에로
E10215,참새구이,,악어,해녀,무지개,,가마솥,별사탕,단추,코뿔소
E10307,참새,,악어,진주,무지개,,밥솥,별똥별,,
E10304,,,악어,,무지개,,솥,,,코뿔소
E10313,ㅇ,ㅇ,ㅇ,ㅇ,ㅇ,ㅇ,ㅇ,ㅇ,ㅇ,코뿔소
E10311,참새,,악어,진주,무지개,,밥솥,별똥별,,코뿔소
E10306,참새,원숭이,악어,진주,무지개,,밥솝,별똥별,,코뿔소
E10317,,,악어,,,,솥,,,코끼리
E10316,참새,빨간모자,악어,인어공주,무지개,놀부,솥,별똥별,,코뿔소
E10305,ㅎ홓,ㅠㄹ,ㅀ,ㄹ,ㄹ,ㄹ,ㄹ,ㄹ,ㄹ,ㄹ
E10312,참새,,악어,진주,무지개,,솥,별똥별,단추,삐에로
E10310,죽,,,여자,파란색,,밥솥,,,
E10314,,여우와두루미,,진주,,흥부와놀부,,,단추,
E10318,장어,할매,악어,조개소녀,날씨,흥부와놀부,솥뚜껑,,,코뿔소
E10302,,,악어,,,,밥솥,,,코뿔소
E10308,참새,,악어,,무지개,,솥,별똥별,,코뿔소
E10301,,,악어,바다,,놀부,솥가마,,,코뿔소
E10303,,,악어,,무지개,,솥,별똥별,,코뿔소
E10315,,여우와두루미,악어,여자,,,밥솥,,,
E10309,,,,,,,,,,
E10409,밥 좀 주세요!! please!!,배진영 친구 거기서 !!,늑대,거북이,만안경,가게 손님,누룬지,왕사탕,부자들이 입고 다니는 옷 ,코뿔소
E10411,,,악어,,,,가마솥,,,
E10414,,,악어,,,,가마솥,,,
E10418,,,악어,,,제비,솥,,가게,
E10404,참새,,악어,,,,솥,,,코끼리
E10412,전깃줄방아간구이,여우쓸개꿀,가족이빨늪,흑조개소녀,하늘비프리즘,손님길조흥부,밥가마두껑,사탕망원경소원,구멍옷장식,뿔코서커스
E10408,,,악어,인어공주,눈,흥부와놀부,솥뚜껑,별사탕,,코뿔소
E10410,,,,,,,솥,,,
E10405,참새,,악어,,무지개,까치,가마솥,별동별,단추,코끼리
E10401,,,,나라,,왕,그릇,긴,단추,삼각
E10407,,,악어,,,,,,,
E10415,불,,,,,,,,마네킹,코뿔소
E10417,,,악어,,,,솥,별똥별,,
E10413,,,악어,,,제비,솥,별,,코뿔소
E10403,,,악어,,무지개,,가마솥,,,코뿔소
E10402,전기구이,구미호,악어,,오로라,놀부부대찌개,가마솥,별,,코뿔소
E10416,전기뱀장어,벌,악어,인어,,흥부와놀부,가마솥,달,옷장,코뿔소
Q10708,ㅜ우,ㅎㄷㄴㅇ,ㄷㅎㅈ,ㅇ후유ㅜ,ㅠㅇㅠㅅㅇ,ㅠㄷㄱ,ㅗㅠ,별,ㅁ슈ㅗ뮷ㅁㄷ슏ㅁ송ㅁ,삐에로
Q10706,번개불에 콩구워먹는다,여우간벌,부족,갯벌에서 조개줍는 사람,무지개,놀부,가마솥,별똥별,환공포증,빨간거로 왔다리 갔다리하면서 소 농락하는 거
Q10720,,각시,악어,,더스트,,가마솥,,,꼬깔
Q10704,,,,,눈,왕,,,,
Q10726,,,악어,,무지개,제비,가마솥,달,,코뿔소
Q10716,쌀구이,꿀 먹는 여우,늪지대,갯벌,하늘나라,놀부,소녀,별,거지 옷,코끼리
Q10707,전자후닥다리,빼액빼액,아앙아아아ㅏ앙아,흑누나,,손남아갈에서흥분했다,가마솟에있는밥레알밥도둑,눙까리사탕,코구멍,코뿔소
Q10705,참새,곰,악어,홍합,무지개,제비,솥,,환 공포증,삐에로
Q10712,ㄹㄴ,ㅇ,ㄹ,로리,ㄹㅇ,ㄴㄹㄴ,ㄻㄹ,ㄴㄻ,ㄴㅇㄹ,ㅁㄴㅇㄹ
Q10711,,,,,,,,,,코뿔소
Q10703,뱀장어구이,간,악어,진주조개,오로라,놀부,밥솥,영화,런닝,삐애로
Q10723,참새,두루미,악어,인어공주,무지개,놀부,밥솥,별,귀걸이,코끼리
Q10721,떡구이,,악어,해녀,천지신명,까치,가마솥,별똥별,,피에로
Q10709,참새구이,꿀맛,악어,흑조개,여우비,놀부,가마솥,조개기모띠,황공호증,코불소
Q10710,참새구이,,악어,,,,,,,코끼리
Q10719,방앗간,꿀,가죽,흑조개소녀,프리즘,흥부,가마,망원경,구멍,코뿔소 서커스
Q10713,,벌,악어,갯벌,날씨,놀부,가마쏱,,옷가게,삐에로
Q10717,.,.,.,.,.,.,.,.,.,.
Q10714,디비디비딥,꿀꾸루구루꾸룪루꿀꾸루꾸루꾸꿁,악어,조개소녀,무지개,제비,가마솥,소원을 말해봐,몰라,코뿔소
Q10702,,,,,,,,,,
Q10715,,심장,악어,,,놀부,솥뚜껑,별똥별,,피에로
Q10727,떡구이,곰,악어, 해녀,,까치,가마솥,별똥별,,삐에로
Q10718,참새구이,구미호,늑대,처녀,천지신명,놀부,밥뚜껑,별자리,트리,피에로
Q10722,떡구이,곰돌이 푸,악어,해녀,무지개,까치,가마솥,별똥별,,삐에로
Q10510,참새,꿀,악어,인어공주,무지개,까치,가마솥,별,단추,광대
Q10502,전기,간,악어,,무지개,,솥,별똥별,,코끼리
Q10516,,,,,구름,,솥,,,
Q10521,조개,가게,악어,인어공주,무지개,제비,가마솥,운지법,가게,코뿔소
Q10503,구운떡,밥도둑,악어,인어공주,무지개,제비,가마솥,사탕팔이소녀,바느질,코뿔소
Q10520,떡꼬치,곰,악어,진주,무지개,제비,가마솥,별,목걸이,코끼리
Q10509,바베큐,꿀벌,악어,인어공주,번개,제비,가마솥,별똥별,창문,코뿔소
Q10523,참새,,악어,진주,무지개,제비,솥,별,,코끼리
Q10504,전기구이,모르겠습니다,가죽가방,인어공주,무지개,놀부,솥뚜껑,별똥별,구명보트,코뿔소
Q10508,전기구이,곰,악어,인어공주,무지개 ,제비,,별똥별,,코끼리
Q10511,전기구이,우루사,악어,근라임,무지개,차움,장지지기,간절히 바라면 온 우주가 나서서 도와준다,충성충성충성!,권한대행
Q10505,전기통구이,곰,악어,인어공주,무지개,까치,가마솥,갈릴레오 갈릴레이,각설이,광대
Q10515,전기구이,우루사,악어,인어공주,우박,제비,가마솥,별,딱좋더,광대
Q10506,김도현,예티,악어,오싹,팬택,동상,밥버거,하교,메이리 크리스마스,호두까기인형
Q10513,바베큐,곰,지대,인어공주,눈,흥부와 놀부,가마솥,산타,구멍난 옷,코뿔소
Q10512,,,,인어공주,,,,산타,,코끼리
Q10522,찹쌀떡,구미호,악어,인어공주,눈,제비,가마솥,별사탕,옷걸이,코뿔소
Q10501,전기구이,꿀쓸개,늪가죽,조개소녀,비,길조,밥,소원,옷구멍,서커스
Q10514,장어구이,곰,악어,인어공주,무지개,흥부와놀부,가마솥,별,가게,코뿔소
Q10518,전기구이,곰,악어,인어공주,무지개,흥부와놀부,가마솥,별,옷가게,코뿔소
Q10507,전기구이,우루사,악어,근라임,무지개,차움,장지지게,별똥벌,거지,코뿔소
Q10519,전기구이,게보린,악어,인어공주,우박,제비,가마솥,별,아이언맨,광대
Q10517,바베큐,곰,,인어공주,,흥부놀부 ,가마솥,별똥별,가게,코뿔소
Q10308,,,악어,진주,무지개,제비,가마솥,,,루돌프
Q10314,장어,구미호,악어,,무지개,금,솥,,,삐에로
Q10313,,,악어,,구름,놀부보쌈,가마솥,별,,코뿔소
Q10321,철구,보겸,악어,감스트,철구,보겸,감스트,리 신,징크스,야스오
Q10312,조개구이,,악어,진주,실험,짠돌이,가마솥,산타,구멍가게,광대
Q10320,ㅊ,ㅊ,ㅊ,ㅊ,ㅊ,ㅊ,ㅊ,ㅊ,ㅊ,ㅊ
Q10322,시국선언,감스트,악어,232,필리포 인지기,까마귀,솥,아프리카 대통령 BJ철구,순시리,코뿔소
Q10317,장어,곰,악어,키,온도계,응,솥,막대,단추,코끼리
Q10306,오징어,구미호,악어,인어공주,과학,흥부와놀부,가마솥,할로윈,똥구멍,코뿔소
Q10307,,,악어,진주,무지개,제비,가마솥,,,소
Q10303,참새,구미호,악어,인어,구름,제비,가마솥,,,코뿔소
Q10304,참새,곰,악어,,무지개,제비,솥,,귀걸이,코뿔소
Q10319,,,,,,,,우주,,
Q10318,사탕,ㄹㄷ럳ㄹ,ㅏㅜ아ㅓ러,사텅,모름,모름,모름ㅇㄴ,모르,모엄ㅇ,ㅁㄴㅁㅇ
Q10310,새,,악어,진주,무지개,구두쇠,가마솥,별똥별,,코끼리
Q10325,응,난,몰,라,겁,나,어,려,워,응난몰라 겁나어려워
Q10305,참새,곰,악어,,무지개,제비,솥,별똥별,청바지,코뿔소
Q10316,장어,구미호,악어,인어공주,천사,흥부놀부,가마솥,ㅇ,,
Q10311,안트젠,안트젠,안트젠,안트젠,안트젠,안트젠,안트젠,안트젠,안트젠,안트젠
Q10324,,,악어,,얼음,마그네슘,가마솥,별,,코끼리
Q10309,콩,곰돌이 푸우,악어,미,무지개,까치,솥,별,주머니,삐에로
Q10302,전기뱀장어,,악어,,번개,제비,솟,별똥별,장,코끼리
Q10315,,간,,푸른 바다의 전설,날씨,놀부,솥,수수,장,코뿔소
Q10323,,,,,무지개,,,,,꼬끼리
Q10301,,구미호,,,담배,제비,솥,,,코끼리
Q10405,콩,구미호,악어,인어공주,무지개,놀부,가마솥,별똥별,크리스마스 트리,코키리
Q10403,떡,,악어,인어공주,무지개,배고픈사람,솥,별똥별,,코뿔소
Q10404,콩,구미호,악어,인어공주,무지개,놀부,밥솥,별똥별,크리스마스 트리,코끼리
Q10424,,간,악어,,무지개,,,별,크리스마스,
Q10411,전기구이,여우비,악어,인어공주,무지개,제비,가마솥,별똥별,단추,광대
Q10415,전기구이,곰,악어,여자,무지개,놀부,밥 도둑,별,"ㅠ,ㅠ",코뿔소
Q10402,,구미호,악어,,무지개,,가마솥,별,,루돌프
Q10409,,곰,악어,인어공주,무지개,놀부보쌈,가마솥,별똥별,여자,루돌프
Q10401,참새,곰,악어,진주,무지개,제비,가마솥,별,?,루돌프
Q10410,레알밥도둑,구미호,악어,인어공주,무지개,놀부,가마솥,이것도 레알밥도둑,산타,콖;ㄹ;
Q10407,,구미호,악어,,,제비,솥,별,,루돌프
Q10406,,,악어,인어공주,무지개,,가마솥,별,단추,코뿔소
Q10408,,곰,악어,진주,무지개,까치,솥,별,단추,루돌프
Q10414,,구미호,악어,인어공주,무지개,,솥,,단추,바다코끼리
Q10418,,,악어,소나기,,,가마솥,크리스마스,,
Q10420,전기,,악어,인어공주,무지개,,솥,,단추,코뿔소
Q10419,전기,구미호,악어,바다,무지게,왕,솥,산타,단추,코뿔소
Q10417,참새,장기,악어,어둠소녀,하늘에서정의가빛받친다,놀부,밭솥,솜사탕,구멍가게,코뿔소
Q10425,,,악어,,,,가마솥,,,
Q10416,전기통구이,포도,악어,,무지개,제비,솥,별사탕,단추,코끼리
Q10412,전기구이,ㅁㄹ,악어,인어공주,무지개,나그네,쌀,별,단추,ㅇ?
Q10422,참새,장기,악어,오징어,하늘에서 정의가 빛발친다.,놀부,초가집,솜사탕,구멍가게,루돌프
Q10423,참새,장기,악어,오징어소녀,하늘에서 정의가 빗발친다!,놀부,초가집,솜사탕,구멍가게,코끼리
Q10413,우리,2학년,때도,활기차게,재미잇게,보내자,우리,앞으로 ,친하게,지내자
Q20710,참새,간,악어,진주,무지개,제비,솥,별,원피스,코끼리
Q20705,용희떡방아,용희버섯,악어,흑누나,용희 1렙버섯,메이플 용희 ,용희빨간버섯,용희절구 떡방아,용희 코알라,용희노알라
Q20711,,,악어,진주,무지개,,,별,,
Q20707,참새,곰,악어,진주,무지개,제비,솥,별,단추,코끼리
Q20709,참새,곰,악어,진주,무지개,제비,솥,별,단추,코끼리
Q20718,,,,,,,,,,
Q20714,참새,곰,악어,진주,무지개,제비,솥,별,단추,코끼리
Q20721,전봇대,푸,악어,인어공주,천둥,놀부,솥,별똥별,단추,코뿔소
Q20723,떡,벌,악어,진주,색깔,놀부,왕,별똥별,옷걸이,코뿔소
Q20717,비둘기,곰,악어,진주,,제비,솥,,,피에로
Q20720,훈제,곰,악어,흑누나,무지개,제비,솥,별,팬티,코뿔소
Q20708,참새,곰,악어,진주,무지개,제비,솥,별,단추,코끼리
Q20713,참새,손,,,날씨,,솥,별,걸이,코끼리
Q20706,전봇대 ,벌,대독서실,인어공주,소나기,놀부,가마솥,별동별,옷단추,삐에로
Q20704,참새,간,악어,진주,무지개,까치,누룽지,별,단추,코뿔소
Q20701,참새,곰,악어,진주,무지개,제비,가마솥,별,,코뿔소
Q20703,참새,간,악어,진주,무지개,까치,누룽지,별,단추,코뿔소
Q20715,참새,곰,악어,진주,무지개,제비,솥,별,단추,코끼리
Q20716,절구떡방아,여우간,가죽벗기기,소녀와조개,무지게,흥부와놀부,가마솓,생일선물,단추구멍,코뿔소
Q20702,,,,,무지개,까치,,하늘,,코뿔소
Q20719,참새,즙,악어,진주,무지개,행운,솥,별사탕,팬티,코끼리
Q20317,,,,,,,,,,
Q20324,,,,,,,,,,
Q20321,떡,간,악어,진주2,무지개,놀부,노비,별,수호꼭지,삐애로
Q20302,방앗간,우우우우우우ㅜㅇ,가죽,흑조개누나,하늘비프라즘,손남아흥부더,밥거미뚜껑,망원경,장식하는옷에구멍,코뿔소
Q20316,,,,,무지개,,,,,
Q20323,,,,,,,,,,
Q20314,,,악어,,무지개,박,,,,코뿔소
Q20322,떡,간,사자,흑조개,무지개,흥부와 놀부,압력밥솥,달,재봉틀,코뿔소
Q20313,,,,,,,,,,
Q20307,번개,벌,악어,성냥팔이소녀,무지개,제비,솥,별똥별,단추,코끼리
Q20312,떡,,악어,진주,무지개,,,,단추,코끼리
Q20304,,,악어,진주,무지개,까치,가마솥,,단추,코끼리
Q20318,,곰,악어,,무지개,,솥,,,
Q20308,떡,,악어,,무지개,제비,솥,별똥별,,코끼리
Q20306,전기,벌,악어,해녀,무지개,제비,가마솥,선물,커튼,묘기
Q20315,ㅈㄼ,ㅂㅈㄼ,ㄼㄹ,ㄹㄷ,2,ㅇㅂ,솥,ㅁㄴㅇㅁㄴ,ㅇㅁㄴㅇ,ㅇㅁㅇㅁㄴ
Q20301,전기구이,에디,늑대,갯벌,햇빛,제비,가마솥,별똥별,단추,코뿔소
Q20310,,,악어,,,,가마솥,,,
Q20320,,,,,,,,,,코끼리
Q20309,,,악어,진주,무지개,,가마솥밥,,,코뿔소
Q20305,떡,,악어,진주,무지개,까치,가마솥,크리스마스,단추,코끼리
Q20319,,,,,무지개,,,,,코끼리
Q20311,,,악어,,,,가마솥,,,
Q20303,전깃줄방앗간구이,여우쓸개꿀,가죽이빨늪,흑조개소녀,하늘비프리즘,손님길조흥부,밥가마뚜껑,사탕망원경소원,구멍옷장식,뿔코서커스
Q20506,,ㅜㅁ,악어,구슬,무지개,,,,품,코끼리
Q20504,소고기,곰,악어,영계,무지개,흥부네감자탕,가마솥,,,
Q20509,,,악어,진주,무지개,까치,솥,,,코끼리
Q20521,,,악어,,무지개,까치,가마솥,,,코뿔소
Q20512,참새,곰,악어,진주,무지개,까치,가마솥,달,똥꾸녕,코끼리
Q20502,진기방앗간구이,구미호,악어,ㅁㄹ,무지개,흥부의 식당,가마솥,별똥별,이걸어떻게알지?,코뿔소
Q20523,,,악어,,무지개,놀부,가마솥,,,코뿔소
Q20508,전기뱀장어구이,비,악어,진주,무지개,놀부,가마솥,별,옷,광대
Q20516,,,악어,정코,무지개,흥부노러ㅏ앚다다ㅏ,,,,
Q20501,떡장어,간,악어,흑누나,무지개,제비,가마솥,어린왕ㅇ자,찌청,코끼리
Q20507,,,악어,,무지개,,가마솥,별,,코끼리
Q20510,참기름,곰,악어,진주,우비,놀부,가마솥,별,,코끼리
Q20503,염통구이,잼,김범수,이문세,쿠잔,놀부,껑뚜,산타할아버지,결혼식,광대
Q20514,,,악어,,무지개,,,,,코뿔소
Q20505,떡,곰,악어,진주,무지개,좋은 징조,솥,막대기,단추,코끼리
Q20518,참새,곰,악어,진주,무지개,까치,솥, 달,,코끼리
Q20511,,,,,무지개,,,,,
Q20515,방앗간,꿀잼,악어,흑조개소녀,무지개,제비,가마솥,별똥별,구멍,동물
Q20513,참새,곰,악어,진주,무지개,까치,가마솥,달,똥꾸뇽,코끼리 
Q20522,참새,간,악어,진주,무지개,제비,솥,,,
Q20519,참새구이,곰,악어,진주,무지개,까치,가마솥,,,
Q20517,참새,곰,악어,진주,무지개,제비,가마솥,별똥별,크리스마스,코뿔소
Q20823,떡,늑대,악어,인어공주,참새,흥부와놀부,가마솥,선물,청바지,코뿔소
Q20806,SM,트와이스,나연,정연,모모,사나,지효,미나,다현,채영
Q20802,참새,즙,ㅋㅋ,ㅇㄴ,ㅋㅋ,ㅋㅋ,ㅋㅋ,ㅋㅋ,ㅋㅋ,퀴퀴
Q20814,앙,기 ,모,띠 ,트,와 ,이 ,스,짱,~
Q20822,,,악어,진주,무지개,까치,솥,별,,
Q20813,전어,아카시아 꿀,사람,걸래,다이아몬드,놀부,삼겹살,츄팝츄스,쥐,ㅇㅇ
Q20803,,곰,악어,,무지개,재비,솥,별,단추,코끼리
Q20815,전기뱀장어,꿀맛여우쓸개,가죽이빨케이스,바다,중2병,문전박대,전기밥솥,츄팝츄스,옷가게,코뿔소
Q20809,전기,곰,악어,진흙,,,밥솥,,크리스마스,코뿔소
Q20808,전기구이,곰,악어,걸래,무지개,제비,솥,별,단추,코끼리
Q20807,트와이스,twice모모,twice사나,twice나연,twice쯔위,twice채영,twice지효,twice다현,twice정연,twice미나
Q20816,참새,여우,악어,흑보지,무지개,놀부,가마솥,사탕,,코끼리
Q20818,떡,여우,개,나비,촘,온도,상차림,별,스타일,서커스단
Q20810,전기,,악어,해녀,무지개,,밥솥,,,
Q20817,참새,몰라요,악어,진주,무지개,까치,가마솥,신년,단추,코끼리
Q20819,참새전기구이,곰,악어,맛조개,무지개,놀부,가마솥밥,별똥별,망사,공굴리기서커스
Q20811,참새,곰,악어,진주,무지개,박,솥,별,단추,코끼리
Q20820,채영,다현,악어,쯔위,나연,미나,지효,정연,모모,사나
Q20804,,,늑대,걸래,비듬,꼬츄==,ㅇ,ㅇ,ㅇ,
Q20812,참새,,,,,,,,,
J10228,생선,찬지가지가정,악어,이엑스오,무지개,까치,솥,별,,삐에로
J10226,새,곰,악어,진주,번개,박,솥,별,단추,코끼리
J10204,생선,,,,,,솥,별,,코뿔소
J10224,물고기,간,늑대,김진환,푸른바다의 전설,구준회,솥,발렌타이데이,시스루,찬지가지가정
J10218,참새,태일,비범,재효,유권,박경,솥,지코,피오,블락비
J10206,참새,곰,호랑이,진주,,놀부,솥,,,삐에로
J10201,,,,,,,밥솥,,거지,소
J10227,고등어구이,곰,악어,염소,소나기,놀부,솥,별,바늘,코뿔소
J10215,풍차,푸,악어,인어공주,무지개,제비,솥,어린왕자,누더기,코뿔소
J10221,떡,벌,악어,바다,구름,놀부,가마솥,생일,쥐,코뿔소
J10216,,,늑대,,,흥부와놀부,가마솥,별똥별,크리스마스트리,코끼리
J10220,비둘기야 어딜가니 나랑같이 술마시자,엑소 도경수 변백현 도경수 오세훈 김종인 김준면 박찬열 이씽 김민석,늑대,사랑하자,경수야,흥부와 놀부,사랑해,앞으로도 영원히 행복하자!!,시스루,삐에로
J10222,,,악어,,,까치,,별사탕,산타,코끼리
J10213,참새,육성재,악어,,,박,,별똥별,,
J10219,시우민,수호,백현,첸,찬열,디오,카이,세훈,레이,위아원
J10207,,,악어,,,제비,솥,,,코기리
J10209,김석진,민윤기,정호석,김남준,박지민,김태형,전정국,보덴,130613,970901
J10223,,벌,악어,바다,소나기,놀부,솥,별,트리,코뿔소
J10214,,,,,,,솥,,전구,코끼리
J10205,참새,김태형,악어,민윤기,눈,제비,가마솥,별똥별,김남준김데일리,코끼리
J10202,,,악어,,,,가마솥,별,,
J10211,,,악어,,,,가마솥,별,,코뿔소
J10229,,,악어,진주,무지개,,솥,,,
J10212,전기,간,악어,진주,무지개,식당,솥,별,ㄱ,코끼리
J10210,,,,진주,무지개,박,가마솥,,,코뿔소
J10203,참새,,악어,,,제비,가마솥,별똥별,,코끼리
J10217,전기,구미호,악어,공주,무지개,놀부,솥,보름달,배지,삐에로
J10208,인피니트,인스피릿,김성규,장동우,남우현,이호원,이성열,김명수,이성종,"박보검,남주혁,공명"
J10323,참새,,악어,진주,무지개,제비,솥,별,단추,코끼리
J10314,,,악어,진주,홀로그램,제비,솥,별똥별,헌옷,루돌프
J10306,,,,,,,,,,
J10329,참새,간,악어,,,,솥,별,,코끼리
J10309,참새,,악어,흑진주,무지개,제비,가마솥,별,단추,코끼리
J10326,참새,곰,악어,갯벌,무지개,제비,솥,별,거지,뿔소
J10313,참새,,악어,,무지개,제비,가마솥,,,코끼리
J10302,떡구이,책먹는여우,정글,갯벌,무지개,제비,가마솥,별똥별,그물,코끼리
J10312,참새,,악어,인어공주,무지개,제비,가마솥,,눈사람,삐애로
J10305,참새,,악어,진주,,제비,솥,별,단추,코끼리
J10315,참새,간,악어,진주,무지개,제비,가마솥,별,단추,코끼리
J10311,참새,,악어,,햇빛,제비,솥,별,,코뿔소
J10324,참새,,악어,기사,무지개,제비,솥,별,진주,코끼리
J10322,참새,간,악어,진주,무지개,제비,솥,별,단추,코끼리
J10304,,,,,,,,,,
J10319,참새,,악어,갯벌,무지개,제비,가마솥,별,그물,코끼리
J10317,참새,,악어,진주,무지개,제비,솥,별,,코끼리
J10327,참새,,악어,갯벌,,제비,솥,,단추,
J10301,참새,즙,악어,진주,무지개,제비,솥,,,코뿔소
J10310,참새,,악어,진주,무지개,제비,가마솥,별,단추,광대
J10318,참새,구미호,악어,갯벌,무지개,제비,솥,별,단추,코뿔소
J10307,동태,이주헌,숲,흑인소녀,무지개,선의, 부엌,별동별,누더기,ㅎ재롱
J10316,,,,,,,,,,삐에로
J10320,떡집,곰,악어,갯벌,무지개,제비,가마솓,별,거지,물소
J10303,참새,구미호,악어,흑진주,무지개,제비,가마솥,별사탕,단추,코끼리
J10328,참새,안녕,악어,진주,무지개,제비,솥,별,단추,코끼리
J10308,전기,,악어,인어공주,무지개,제비,가마솥,별똥별,,코끼리
J10321,참새,벌,악어,진주,무지개,제비,솥,별,단추,뿔소
J10325,참새,,악어,진주,무지개,제비,솥,별,,코끼리
J10803,겐지가함께한다,죽음이너의곁을걷는다,악어,게임을하면이겨야지,이것도너프해보시지,놀부,솥,사랑을담아디바,아무도내게숨지못해,코뿔소
J10804,떡,비,덫,키,,,솥,비닐,혼,코끼리
J10813,오징어,,악어,,무지개,제비,솥,,,코끼리
J10806,,개,지대,,무지개,,솥,,,코끼리
J10815,,,악어,,무지개,제비,솥,,,코끼리
J10827,떡,동물,악어,마,구름,제비,솥,천체,크리스마스,코끼리
J10822,참새,푸우,악어,흑돼지,무지개,흥부와놀부,솥,여자친구,거지,코뿔소
J10817,전기,사막,악어,해,무지개,까치,솥,별,가게,코뿔소
J10802,,집,악어,열압,무지게,제비,솥,,,코뿔소
J10816,,개,악어,,무지개,,솥,,,삐에로
J10801,,간,악어,진주,무지개,제비,솥,,,삐애로
J10814,떡,김치,악어,키,무지개,제비,가마솥,소녀시대,옷걸이,코뿔소
J10809,고기,개꿀,악어,흑누나,무지개,제비,솥,별똥별,팔찌,코끼리
J10807,장어,음식,악어,귀신,무지개,제비,솥,선물,가게,단장
J10821,장어,김치,악어,시대,무지개,까치,솥,여자친구,이수용,코뿔소
J10818,,,악어,,구름,새,솥,,,개
J10829,,,악어,,무지개,제비,솥,,,코뿔소
J10805,전기,,악어,,무지개,,솥,별,,광대
J10828,가래떡,,악어,,무지개,제비,솥,천체,,코뿔소
J10830,고기,곰,악어,해,무지개,놀부,솥,별,크리스마스,코끼리
J10810,,,,,구름,,솥,막대,,코끼리
J10826,18,즙,악어,시대,무지개,제비,솥,별,품,코끼리
J10824,,,악어,해,무지개,까치,솥,,가게,코끼리
J11018,,,악어,미,,,밥솥,별똥별,,
J11023,,,악어,,,,,,,
J11013,전기뱀장어,구미호,악어,조개소녀,번개,.흥부와놀부,밥솥,별똥별,망토,코뿔소
J11024,,,,,,,,,,
J11001,전기,털,악어,갯뻘,과학,까치,솥뚜껑,별똥별,크리스마스,코끼리
J11008,전기 뱀장어,얍스,늑대,인어공주,날씨,파발,솥,개이득,쥐,코뿔소
J11027,,간,악어,진주,우박,까치,가마솥,별,단추,코끼리
J11006,추석,동물,동물,인어공주,날씨,착한사람,가마솥,선물,크리스마스트릭,코뿔소
J11010,참새,,악어,,해,제비,솥,,가게,코뿔소
J11022,생선구이,곰,호랑이,인어공주,날씨,제비,밥솥,요술램프,동굴,코뿔소
J11016,가래떡,동,.,.,.,놀부,.,.,.,.
J11014,전봇대,벌,늑대,인어공주,구름,고기집,밥솥,산타할아버지,크리스마스 트리,코뿔소
J11003,전방구,여술개,악어, 조개소녀,프리즘미미미미,손길흥,밥가마,별똥별,구장,코뿔소
J11026,쥐포,ㅇ,악어,ㅇ,우박,박,가마솥,ㅇㅇㅇㅇㅇㅇㅇㅇㅇㅇㅇㅇㅇㅇ,찢청 ,코뿔소
J11025,전기구이,몸보신,악어,키조개,폭우,놀부,가마솥,별똥별,거지,코끼리
J11009,불,,악어,,무지개,집,솥,달,단추,코끼리
J11004,.,곰,악어,.,무지개,.,솥,.,.,코끼리
J11028,전기,,악어,진주,무지개,제비,솥,별,,삐에로
J11011,.,.,악어,.,.,제비,솥뚜껑,별똥별,.,코뿔소
J11019,전기구이,여우허니버터쓸게,악어,흑누나,SKY,놀부부대찌개,쌀,박하,예쁜옷,코뿔소
J11021,,구미호,,,,,가마솥,,,코끼리
J11029,소,동물,악어,조개를먹으며 흑흑하며 우는 소녀 ,햇빛,놀부,솥,별똥별,모델,코뿔소
J11005,참새,구미호,악어,조개잡이소녀,거울,제비,가마솥뚜껑,사탕으로된소원을들어주는망원경,장식옷,코끼리
J11015,참새,이솝우화,악어,우는 소녀,햇빛,까치,솥,별동별,장신구,코불소
P10411,,,악어,,,흥부와놀부,,별똥별,,
P10420,,,악어,,무지개,,가마솔,별똥별,,
P10414,,,악어,,,,솥,,,
P10415,참새,곰,악어,소년,무지개,제비,솥,,,
P10406,참새,구미호,악어,진주,무지개,제비,가마솥,아이,누더기,피에로
P10403,,,악어,,,,가마솟,할로인,,코뿔소
P10409,,,악어,,,,가마솥,별똥별,,코뿔소
P10404,ㅋㅋㅋ,ㅋㅋㅋㅋ,악어,ㅋㅋㅋㅋ,우박,까치,ㅋㅋㅋ,ㅋㅋㅋ,단추,코뿔소
P10424,떡구이,벌,괴물,조개를 줍는 흑인 소녀,여우비,착함,솥뚜껑,별똥별,단추,삐에로
P10412,전기구이,간,치과,진주,소나기,왕,솥,유성,장식구멍,코뿔소
P10413,응아니야 내가어떻게 알아 각이다  욤마 집에가서 신고,기프트콘줄거면 재대로해라,기프트콘줄거면 재대로해라,기프트콘줄거면 재대로해라,기프트콘줄거면 재대로해라,기프트콘줄거면 재대로해라,기프트콘줄거면 재대로해라,기프트콘줄거면 재대로해라,기프트콘줄거면 재대로해라,기프트콘줄거면 재대로해라
P10418,참새,벌,악어,홍합,무지개,제비,주걱,,단추,코끼리
P10405,,,,,,,가마솥,,,
P10410,참새,곰,악어,,,제비,솥,별,,코뿔소
P10402,전기,구미호,악어,소나기,겨울왕국,제비,밥솥,별똥별,거지,삐에로
P10408,까치,거북이,악어,인어,무지개,놀부 부대찌개,솥,별똥별,,코뿔소
P10401,,,악어,제주도,무지개,제비,솥,별,가게,코끼리
P10419,,,,,,제비,솥,별,,
P10425,전기뱀장어구이,,악어,,예수님,,가마솥,별동별,,코뿔소
P10423,새,,악어,,,,가마솥,,,코뿔소
P10407,떡,곰,악엌,흑형,눈,부되찌개,가마솥,별똥별,귀걸이,코뿔소
P10417,참새,,,,무지개,까치,가마솥,별,,코뿔소
P10207,,,악어,해변,,까치,솥,보름달/정월대보름,,광대
P10215,전기구이,곰,악어,검은진주,,,,,,
P10206,,,,,,,밥솥,,,
P10214,공공칠빵,,,,,,솥,,,
P10209,장어,간,악어,ㅇㅇ,무지개,까치,밥솝,ㅇㅇ,단추,코뿔소ㅌ
P10208,참새,모,악어,겠,무지개,놀부네 보쌈,솥,별똥별,ㅠㅠ,코뿔소
P10219,조개,간,악어,응아니야~,무지개,제비 ,솥 ,손,단추,코끼리
P10210,,간,악어,,무지개,까치,가마솥,,,코끼리
P10205,닭,간,악어,해녀,무지개,제비,가마솥,종,,코끼리
P10220,,곰,,,무지개,,솥,,,광대
P10217,전,,악어,인어,,,솥,,,
P10218,전기구이,곰,악어,홍합,무지개,까치,솥,별,좀,광대
P10212,먹방구이,꿀이다 이거는,늑대,소라게,이슬비,놀부,솥,거리,옷장식품,루돌프
P10216,,,악어,해녀,무지개,까치,가마솥,,단추,코뿔소
P10221,전기구이,벌집,악어,해녀,무지개,까치,가마솥,몰라,단추,코끼리
P10211,전기,곰,악어,모름모름모름모름,무지개,제비,솥,별똥별,청바지,코끼리
P10202,참새,곰,악어,,무지개,까치,솥,할로윈,단추,광대
P10222,참새,벌,악어,홍합,먹구름,,가마솥,,단추,코뿔소
P10213,전기구이,You just activated my trap card,악어,흑진주,무지개,제비,가마솥,눈깔사탕,단추,광대
P10204,장어,간,악어,로맨스,무지개,까치,가마솥 뚜껑,요정나라,단추,어릿광대
P10225,,,,,,,,,,
P10201,전,구미호,악어,인어공주,무지개,까치,솥,별,마네킹,코끼리
P10223,떡,,,,,,,,,크리스마스
P10224,참새,런,악어,걸,알,리,솥,별,가,코뿔소
P10114,전기뱀장어,ㅋ,악어,ㅋ,무지개,ㅋ,밥솥,별똥별,ㅋ,ㅋ
P10122,전깃줄로 꾸우고 방앗간으로 찌진 장어구이,꿀 잘 쓸개 여우야 고맙,코뿔소,진주,무지개,제비,가마솥,볼빨간 사춘기 - 우주를 줄께Cause I'm a pilot anywhere cause I'm pilot anywhere lightning star shooting star 줄께 my galaxy 따다단 ,단추,코뿔소
P10123,참새,구미호,악어,진주,무지개 ,제비,가마솥,별똥별,반지,코끼리
P10119,고깃집,구미호,악어,해녀,무지개,사기,가마솥,별똥별,반지,삐에로
P10106,후 안녕하세여,여우가 적들을 삼킨다.,악어,인어공주,무지개,데쟈뷰 느껴본적 있어?,가마솥,별사탕,옷걸이,코뿔소
P10109,,,악어,,무지개,,밥솥,별똥별,목걸이,광대
P10112,장어,,악어,구슬,무지개,,솥,별,가게,
P10120,전기 뱀장어,개꿀,악어,흑조개,무지개,거지,약속어겼을때 엄마머리,메르시,크리스마스,재민이롤실력
P10111,장어,곰,악어,인어공주,하느님,놀부,밥,,,코뿔소
P10103,화재,,호랑이,흑누나,무지개,참새,가마솥,별똥별,허세,코뿔소
P10107,,,악어,진주,무지개,,,,,
P10105,전기뱀장어,호랑이,악어,해녀,소나기,까치,가마솥,전망대,빈티지 패션,코뿔소
P10117,전기구이,벌,악어,,무지개,손길,솥밥,남북분단,코스튬,코뿔소
P10108,참새,,호랑이,,무지개,참새,밥솥,,,코뿔소
P10124,오징어,곰,정글,진주,무지개,제비,가솥,별똥별,모르겠다.........이린아ㅜㄹ머,코뿔소
P10116,전기구이,곰,악어,,눈,흥부와 농부,밥솥,별,단추,광대
P10115,전깃줄 방앗간 구이,구미호,늑대,,무지개,예언자,송윤현,망원경,구멍 장식옷,카서스
P10110,참기름,,악어,,무지개,,가마솥뚜껑,별똥별,,광대
P10104,참새,구미호,악어,혼혈녀,김태희,제비,솥,캔디,스팟,광대
P10101,장어구이,곰,악어,해녀,무지개,제비,가마솥,별똥별,반지,코뿔소
P10113,냉장고,구미호,악어,목걸이,무지개,제비,가마솥,별동별,단추,삐에로
P10121,장어,간,상어,진주,구름,제비,쌀,하늘,주머니,코뿔소
P10125,전기뱀장어,벌꿀,악어,소녀시대,소나기,흥부놀부,병뚜껑,소원,,
P10118,,,,,무지개,,,,,코뿔소
P10519,장어,벌,지대,구이,김,까치,가마솥,아나,바지,루돌프
P10515,전기구이,여우가 쓸개를 꿀같이 먹었다,악어,흑누나,하늘에서 프리즘이 생겨 비가 온다,하늘에서 비가 빛발친다.,밥솥,망원경을 보고있었는데 하늘에서 사탕이 떨어져서 소원을 빌ㅇ음,구멍이 있는 옷은 장식이 잘된것이다.,루돌프가 코에 뿔을달고 서커스를 한다
P10513,장어,곰,악어,조개구이,무지개,제비,가마솥,별똥별,크리스마스 트리,코뿔소
P10505,쌀,개꿀,악어,바리=지락,기모리,놀부,밥,산타,바느질,코끼리
P10523,참새,곰,악어,홍합,무지개,제비,가마솥,별똥별,단추,코끼리
P10503,참새,잠,악어,진주,무지개,놀부,가마솥,별,패션,광대
P10502,참새,곰,악어,진주,무지개,제비,솥,별,목걸이,삐에로
P10508,참새,늑대,악어,진주,무지개,놀부,가마솥,별,패션,광대
P10525,장어,,,,,,가마솥,별똥별,찟어진청바지,
P10524,참새,,,,,,솟,,,
P10509,전기장어,여우쓸개개꿀,악어,흑누나,빗방울,흥부와놀부 부대찌개,가마솥,별똥별,옷에 구멍이났는데 장식이라고 하기,서커스에서 코를봤는데 뿔남
P10501,,,늑대,비단,파랑,밤,솥,여자친구,,루돌프
P10510,ㄴㅁㅇ,ㅈㅇㅈ,22,지라하라,기모리,재비,가마솥,별똥별,단추,황소
P10507,참새,키자루,악어,진주,무지개,제비,솓뚜껑,별,단추,코끼리
P10512,참새,곰,악어,,무지개,까치,가마솥,별똥별,단추,코뿔소
P10514,이마트,꿀떡,늪지대,진주,즘즘,까치,별,별똥별,식사,스크류바
P10506,참새,잠,악어,,무지개,제비,가마솥,,단추,코끼리
P10511,참새구이,곰,악어,흑임자,무지개,제비,가마솥,별똥별,단추,코뿔소
P10504,전방구,여쓸꿀,가이늪,흑조소,하비프,손길흥,밥가뚜,사망소,구옷장,뿔코서
P10521,전기뱀장어,곰,악어,인어공주,눈,제비,가마솥,별똥별,청바지,삐에로
P10520,참새,맛,악어,진주,무지개,까치,솥,별,스타킹,코뿔소
P10518,참새,곰,악어,조개구이,무지개,제비,가마솥,별똥별,크리스마스 트리,광대
P10516,참새,곰,악어,인어공주,무지개,제비,가마솥,별,옷,코뿔소
P10517,참새,곰,악어,,무지개,제비,가마솥,별똥별,단추,코끼리
F10123,토끼구이,곰,악어,인어공주,무지개,놀부보쌈,가마솥,별똥별,청바지,코끼리
F10113,참새,간,악어,ㅇ,구름,놀부,밥솥,달,ㅇ,코뿔소
F10112,아아ㅏ아아아아아아아,무지개 떠거어어어어어어이엉어어ㅓ어,머고 싶파ㅏ파ㅏㅍ파파ㅏ파파파파파ㅏ파파파ㅏ팦,키,푸른,ㄹ아아ㅏ앙앙 무지개개개개ㅐㅐ개,솥,바구니,으어ㅓ엉어ㅓ어어어어ㅓㅇ어ㅓ,큰
F10120,,,악어,,,,솥,별,,코끼리
F10127,생선,ㅈ러ㅗㅀㄹㄴ외,악어,ㅎㅇㅀㅁ어ㅗㅀㅁ,ㄴㅇㅀㄴㅇㅀㄴㅇㅎㅇㅎㄹㄶㄹㄴ,ㅎㅇㄶㄴㅇㅀㄴㅇㅎㄶ,솥,ㄴㅇㅎㄴㅇㅎ,ㄴㅇㅎㄴㅀㄴㅇㅀㄴㅇㅎ,ㅇㅎㄴㅇㅀㄹㄴㅇㅎㅎㅇㅀㄴㅇㅎㄴㅇㅀㄴ
F10106,참새,,악어,,,제비,솥,별,,코뿔소
F10101,,, 악어,진주,무지개,,솥,,,코끼리
F10116,,곰,악어,,무지개,까치,밥솥,별똥별,,코끼리
F10124,태양열조리게,간,악어,맛조개,우박,흥부네칼국수,밥솥,별,패션,코끼리
F10121,참새,곰,악어,인어공주,,까치,밥솥,크리스마스,,코끼리
F10117,,,악어,갯벌,번개,,가마솥,별똥별,거지,코뿔소
F10110,참새,곰,악어,해녀,기후,참새,가마솥,간식,크리스마스,코뿔소
F10108,참새,,악어,,무지개,,솥,,,
F10129,,,악어,,무지개,,가마솥,별똥별,,코끼리
F10104,아,하하하하하하하하하하핳하하,,,,,가마솥,,,
F10128,,,악어,,,,,,,
F10122,,,악어,,,,솥,,,
F10103,,,,,,,밥솥,,,코뿔소
F10114,참새,,악어,진주,,까치,솥,,단추,코끼리
F10111,,,악어,,,,솥,별,,코끼리
F10125,ㅁㄹ,ㅁㄹ,ㅁㄹ,ㅁㄹ,ㅁㄹ,ㅁㄹ,ㅁㄹ,ㅁㄹ,ㅁㄹ,삐에로
F10107,전기,벌,숲,제주도,날씨,행운,가마솥,할로윈데이,크리스마스,쇼
F10119,떡,,악어,,번개,,솥뚜겅,눈깔사탕,,
F10421,,,악어,갯벌,태양,까치,가마솥,별,브로찌,코끼리
F10409,참새,,,,,,가마솥,,,코끼리
F10420,,,악어,진주공주,눈,박,가마솥,별똥별,바느질,코뿔소
F10410,,즙,악어,진주,,,솥,,,사슴
F10416,,즙,악어,진주,뜨거운,착한,솥,내,,사슴
F10402,,,,,번개,,가마솥,,,삐에로
F10417,전기구이,즙,악어,흑조개소녀,무지개,조부손님,밥솥,사망소원,구멍옷장,코끼리
F10414,참새,즙,악어,카게야마토비오!!!,생일축하해태어나줘서고마워,제비,가마솥,1222영산이탄신일1222,가게,광대
F10412,참새,토끼,정글,인어공주,무지개,제비,솥,피터팬,누더기,광대
F10404,,,,,,,,,,
F10426,생선,병,늑대,인어공주,무지개,제비,가마솥,천사,거지,코뿔소
F10407,참새,암스트롱 사이클론 제트 암스트롱 포,악어,진주,무지개,제비,솥,별,단추,코끼리
F10419,전기,푸,,흑진주,무지개,,솥,우주,,광대
F10423,떡,즙,악어,흑슈가,무지개,제비,솥,충치,귀걸이,코끼리
F10408,떡,간,악어,갯벌,햇빛,놀부,가마솥,별,,삐에로
F10411,전기체,,,,,,가마솥,,,코뿔소
F10428,,,,,,돈 ,,,,
F10401,,,악어,,,제비,솥,별,,
F10413,,,악어,마녀,고드름,돈,가마솥,별,단추,광대
F10406,고등어,학,악어,바다,날씨,박,솥,달,크리스마스,동물원
F10422,전기구이,곰,악어,조개목걸이,무지개,제비,가마솥,정글의법칙,구멍뜷린 바지,삐에로
F10424,떡,간,악어,진주,무지개,제비,솥,별똥별,헌,코끼리
F10427,떡,,악어,진주,,제비,솥,,단추,
F10425,떡,붓,악어,인어공주,눈,재비,가마솥,별,드래스,코뿔소 
F10415,전기,즙,도마뱀,인어공주,눈,놀부,가마솥,별똥별,서커스자켓,사슴
F10403,,,,,,제비,솥,,,
F10726,,물,,,,,솥,,,
F10718,,,악어,,무지개,제비,가마솥,별똥별,가게,코끼리
F10715,,,악어,,무지개,제비,솥,별똥별,,코끼리
F10723,새,구미호,악어,진주,무지개,제비,가마솥,별똥별,장,코끼리
F10720,참새,,악어,인어공주,무지개,,가마솥,별똥별,,코끼리
F10709,,,악어,,무지개,제비,가마솥,별똥별,옷장,코뿔소
F10722,사랑해요,사랑해요,악어,사랑해요,무지개,제비,가마솥,별똥별,단추,코끼리
F10706,,,악어,,무지개,제비,솥,별똥별,,삐에로
F10719,참새,,악어,진주,무지개,제비,가마솥,별똥별,거지,코끼리
F10702,전선,송이,악어,인어공주,무지개,부대찌개,솥,별똥별,,코끼리
F10716,소금,구미호,악어,해녀,무지개,제비,솥,별똥별,단추,코끼리
F10712,,,악어,인어공주,무지개,먹을거,가마솥,별동별,옷수선,서커스장
F10703,,,악어,해녀,무지개,제비,가마솥,,,
F10714,참새,도끼,악어,,무지개,제비,솥,,,
F10708,참새,곰,악어,어부 딸,무지개,제비,가마솥,산타 할아버지,성냥팔이 소녀,코끼리
F10725,참새,곰,악어,우렁,무지개,박씨,가마솥,별,레이스,코끼리
F10704,,,악어,해녀,무지개,부대찌개,솥,별똥별,,코끼리
F10705,참새,,악어,,무지개,부대찌개,가마솥,별동별,,코끼리
F10701,떡,두루미,악어,인어공주,무지개,제비,가마솥,별똥별,무더기,코끼리
F10713,전기구이,뱀,악어,두루미,하늘,흥부와놀부,가마솥,별똥별,서커스,코뿔소
F10724,,박쥐,악어,,무지개,제비,솥,별똥별,,코끼리
F10707,전기구이,토끼,악어,인어공주,무지개,제비,가마솥,별똥별,시스루,코끼리
F10717,,,악어,,무지개,제비,아궁이,별똥별,,코뿔소
F10801,,,,,,,,,,
F10803,생선구이,몰라,악어,해녀,단무지,흥부와놀부,솥,별똥별,와이셔츠,코뿔소
F10821,참새,곰,악어,인어,날씨,제비,솥뚜껑,별,단추,코끼리
F10805,전기,,악어,해녀,무지개,,솥,,바느질,광대
F10808,전기구이,구미호,악어,인어공주,우박,흥부와 놀부,솥,별똥별,바느질,코뿔소
F10809,참새,구미호,악어,해녀,무지개,까치,솥,신비못생김,바느질,코끼리
F10811,,,악어,인어공주,무지개,호박,솥,별,단추,코뿔소
F10802,전기,,악어,해녀,무지개,놀부,가마솥,,단추,코뿔소
F10813,참새,구미호,악어,해녀,무지개,제비,솥,별사탕,바느질,코끼리
F10818,참새,구미호,악어,인어공주,무지개,전,솥,밥도둑,바느질,코뿔소
F10822,참새,곰,악어,인어,무지개,제비,솥,별,바느질,코끼리
F10827,,,악어,소나기,,박씨,,,코트,소
F10807,참새,벌,악어,해녀,무지개,놀부,솥,타임캡슐,,코뿔소
F10814,전기구이,구미호,악어,인어공주,무지개,제비,솥,크리스마스,바느질,삐에로
F10817,새,,악어,인어공주,무지개,,솥,,바느질,코뿔소
F10816,새,푸,악어,,무지개,제비,솥,,브로치,삐에로
F10825,,곰,악어,,,제비,가마솥,,단추,코뿔소
F10804,,,악어,인어공주,별똥별,제비,솥,,바느질,광대
F10812,,,동물,키,,,솥,,,
F10815,,,악어,,,,솥,,단추,코뿔소
F10820,참새,구미호,악어,인어공주,무지개,제비,솥,크리스마스,바느질,삐애로
F10810,찹쌀떡,푸,악어,인어공주,무지개,제비,햇반,별,가게,코뿔소
F10824,참새,,악어,,무지개,,솥,별,바느질,코뿔소
P20512,생선,곰,반다크 홈,여자,무지개,까치,쌀,응,똥규멍,삐에로
P20515,전기,?,악어,?,무지개,동화,밥솥,크리스마스,반지,삐애로
P20518,참새,,악어,,무지개,까치,솥,,,삐에로
P20513,?,곰,?,진주,무지개,놀부,토종닭,?,욱현,코뿔소
P20520,전봇대,토끼,악어,진주,무지개,까치,밥솥,별똥별,단추,코뿔소
P20505,다리미,곰,악어,먹고싶다,비둘기,길,가마솥,박성민,욱현,심유민
P20507,전기구이,여우고기,가죽밸트,소녀조개,제우스,흥부놀부,욱현,우주,욱현,코뿔소
P20504,고기,벌,벨트,,,,가마솥,,욱현,
P20517,,곰,악어,,무지개,박,가마솥,,단추(욱현),코끼리
P20514,생선,간,벨트,소년,구름,놀부,솥,사탕,블랙홀,소
P20510,,곰,악어,,해,,가마솥,원,,피에로
P20516,,곰,,,무지개,,솥,,,
P20521,새,곰,악어,진주,무지개,까치,솥,별,단추,코끼리
P20503,이러지도 못 하는데 저러지도 못하네,그저 바라보며 베이베 베베이베,매일 상상만해 이름과 함꼐 쓱 말을 놧네 베이베,아직 우린 모르는 사인데,아무거나 걸쳐도 아름다워,거울속 단둘이서 하는 패션 쇼 쇼,이번에 정말 꼮꼭 내가 먼저 꼮꼭,다짐뿐인걸 매번다짐뿐인걸,나나나나나난나나나나 콧노래가 나오다가나도몰래,뻔할것가텡아닌것같에 이런내가아닌데
P20501,전기뱀장어,즙,악어,조개구이,눈,놀부,가마솥,몰라,에베베앱애ㅏ밸,코뿔소
P20508,전기구이,간,악어,잠지,날씨,놀부,가마솥,별똥별,악세사리,상아
P20509,참새,,악어,,무지개,까치,가마솥,,,코뿔소
P20519,전기,장기,늑대,해녀,무지개,참새,가마솥,별동별,루비,코뿔소
P20506,떡,구미호,악어,진주,무지개,제비,식당,할로윈,옷장,광대
P20522,,,,,,까치,가마솥,,,
P20106,전기뱀장어구이,구미호,베어그릴스,흑진주,프리드로우,흥부와놀부,가마솥,별똥별,스키니진,코끼리
P20110,전기구이,,,진주,무지개,,밥솥,별똥별,찢청,코끼리
P20104,,,,,,,솥,,,
P20119,,,,,,,,,,
P20107,,,,,,,밥솥,,,
P20116,,,,,,,솥,,가게,
P20123,,동물,,,거울,전래동화,밥솥,별똥별,,삐에로
P20114,참새,,,,무지개,,솥,,,
P20111,,구미호,악어,,무지개,까치,솥,,레이스,코뿔소
P20102,,,악어,,빛,제비,솥,,,루돌프
P20112,,즙,,,무지개,놀부,,,,피에로
P20115,물레방아,즙,악어,진주,무지개,제비,솥,갈릴레오,장,광대 
P20103,,,,,,,,,,
P20120,참새,간,악어,진주,무지개,제비,솥,별,가게,코끼리
P20113,,,,,,,,,,
P20122,,,,진주,,,솥,,,코끼리
P20108,하하,하하,하하,하하,하핳,하핳,하핳,ㅎ하하하ㅏㅎ,하하하,하하하하
P20101,전기구이,구미호,악어,진주,물방울,제비,솥,따스,따스,따스
P20118,한글,한글,한글,한글,한글,한글,한글,한글,한글,한글
P20117,전기구이,쓸개즙,가죽늪,흑인여자,비늘,주막,밥솥,별똥별,패션,코뿔소
P20109,,,,,,,,,,
P20121,참새,간,악어,흑누나,무지개,제비,솥,별똥별,패션,코뿔소
P20312,,,악어,,,,밥솥,,,코끼리
P20310, ,,,진주,,,,,,
P20314,,,,,우박,,가마솥,,,
P20303,,,,,,,,,,
P20311,참새,,악어,,구름,까치,솥,별,단추,코뿔소
P20302,참새,간,호랑이,진주,무지개,제비,솥,별,개,소
P20315,장어,즙,악어,구이,구름,놀부,솥,별,쥐,코뿔소
P20319,새,즙,악어,야하다,무지개,제비,가마솥,별똥별 ,,코끼리
P20321,방앗간구이,벌,악어,조개소녀,눈,흥부,밥솥,사탕,구멍옷,광대
P20307,,비,지대,,,,,,장,단
P20322,참새구이,,악어,,,,밥솥,,,피에로
P20318,,,악어,,무지개,제비,솥,은하수,드레스,삐에로
P20313,방앗간에서 전깃줄로 기름짠다,여우 쓸개를 먹엇더니 꿀맛이다,악어,,무지개,,밥솥,사탕을먹으면서 멍원경을보고 소원을빌었다,구멍이 옷에뚫려서 장식을달았다,코끼리
P20305,,,악어,,,,가마솥,,,삐에로
P20301,참새,물,악어,,무지개,까치,가마솥,별,단추,코끼리
P20317,전기구이,꿀,악어,,,박,가마솥,소원,,코뿔소
P20320,전기,,  , , , , , , , 
P20309,,,악어,,,,솥,,,삐에로
P20316,참새,,악어,흑진주,무지개,까치,가마솥,별,단추,코끼리
P20306,꽁돈,돈,악어,어장관리,ㅇㄴㄹㅇㄴㄹㄴㅇ후맒라맙ㄹㅇㅇㄴ,까치,가마솥,별,망사,코ㅃㅜㄹ소
P20304,,곰,악어,,눈,,가마솥,,,코뿔소
P20209,조개,벌,지대,이문세,태양,놀부,솥,갈릴레이,겉멋,황소
P20218,참새,곰,악어,,무지개,제비,솥,별,꽃,코끼리
P20223,전기구이,,,해녀,무지개,,통,달,헌옷,코끼리
P20208,전기구이,,,흑조,파랑,놀부,밥솥,추소원,겉멋,황소
P20217,전기,즙,악어,갯벌,무지개,제비,솥,별똥별,수선,광대
P20206,떡,꿀단지,악어새,해녀,무지개,놀부,솥,트릿오어트릿,지정부위에 구멍이 장식으로 뚫려있는 옷,광대 
P20216,참새,,악어,진주,무지개,제비,솥,달,패션,코끼리
P20215,장어,곰,악어,진주,무지개,제비,솥,별,크리스마스 트리,코끼리
P20222,전기뱀장어,흑조,얼굴,흙조개소녀,하늘,흑조,가마,추소원,다리,코끼리
P20214,,,악어,진주,날씨,,가마솥,별똥별,,코끼리
P20219,전기뱀장어,동물,악어,인어,무지개,흥부전,가마솥,원,단추,코뿔소
P20220,전기구이,,악어,해녀,무지개,제비,솥,추소원,가오,코끼리
P20203,참새,,,,,까치,솥,눈,가게,코끼리
P20202,,,,해녀,무지개,제비,솥,별똥별,,코뿔소
P20211,전기뱀장어,늑대,악어,진주,무지개,박,솥,막대사탕,목걸이,코끼리
P20210,전기뱀장어,,,,,,가마솥,,,
P20204,떡치기,피,악어,흑조개,하비르즘,흥부와길조와손님,밥솥,진수눈,레깅스,코뿔소
P20201,참새,두루미,악어,해녀,구름,제비,밥솥,별똥별,팔찌,코뿔소
P20221,장어,,악어,,날씨,놀부,밥솥,,,코끼리
P20212,참새,토끼,악어,인어공주,태양,제비,솥,선물,,황소
M10208,전기구이,,도축,진주,무지개,제비,가마솥,별똥별,주머니,코뿔소
M10201,까마귀,곰,악어,진주,구름,제비,솥,,가게,코뿔소
M10223,,,악어,,,,솥,,,
M10233,전기 충격기,이수시개,악어,크로스진 4년차 가수입니다. ,우산,"크로스진은 일본멤버1명, 중국멤바1명",밥솥,리더는 푸른바다의 전설에나오는 태오,신원호 잘생겼다! ,코뿔소
M10204,참새,EXO ,EXO,EXO,EXO,까치,EXO,EXO,EXO,For Life 
M10205,민호야결혼하자,자용아결혼하자,악어,승리야결혼하자,승현아 결혼하자,제비,솥,대성아 결혼하자,영배야결혼하자,코끼리
M10222,통닭,위액,악어,흑진주,날씨,동화,가마솥,알사탕,단추,삐에로
M10220,ㄹ,ㅇ,악어,흑마녀가,첫눈이 내린다라라랄,음예예,가마솥,누누누나난,라라라라라라ㅏㄹ,삐에로
M10224,,,,,,,솥,별똥별,,코뿔소
M10212,참새,토끼,악어,해녀,구름,운,라면,선물,경수야 사랑한다 나랑 결혼하자,코끼리
M10227,,,,,,놀부,,,패션,
M10229,,,악어,진주,눈,제비,솥,,반지,코뿔소
M10215,참새,간,악어,해녀,하늘색,거지,가마솥,별,백현아 결혼하자,코끼리
M10203,전기구이,여의주,가죽신발,인어,오로라,사랑방,가마솥,태형아 사랑해,목걸이,코끼리
M10211,돼지,가식,악어,백설공주,산성비,까치,가마솥,별동별,가게,광대
M10210,최승철 윤정한 세븐틴,홍지수 문준휘 세븐틴,권순영 전원우 세븐틴,이지훈 이석민 세븐틴,무지개,김민규 서명호 세븐틴,가마솥,부승관 최한솔   세븐틴                 ,이찬 세븐틴 사랑해,코뿔소
M10232,화랑 한성 김태형 사랑해,오늘 도깨비 본방사수!!,악어,인어,공유 개존잘~,공유 내남편 김신,가마솥,오마레이레 부쳐핸섭 21[세기 소녀 핸졉,내 피땀 눈물 내 마지막 숨을 다 가져가,그래도 좋은 날이 앞으로 많기를 내말을 믿는다면 하나둘셋 
M10202,표지훈사랑해,블락비,늑대,,,,가마솥,별똥별,허수아비,루돌프
M10230,참새,,,,,,가마솥,,단추,코뿔소
M10231,생선구이,도경수 결혼하자,정글,인어공주,프리즘스톤,흥부와 놀부,밥솥,별똥별,누더기,코뿔소
M10207,참새는 짹짹,For life 흥하자 사랑해 엑소,악어는 왈왈,인어공주,박찬열 사랑해 결혼하자 11/27 = 결혼기념일,We Are One ♡ 사랑하자 엑소 영원하자,가마솥 삼겹살,엑소 존잘러 엑소 노래 존좋 살앙슬어운 내 액휘들,세훈이 파트 늘려줘라 1초가 뭐냐...,삐에로
M10206,참새,토끼,악어,백설공주,제우스,와 놀부,전기 밥솥,별똥별,패션의 완성,코끼리
M10225,김민석사랑해,김준면사랑해,장이씽사랑해,변백현사랑해,김종대사랑해,박찬열사랑해,도경수사랑해,김종인사랑해,오세훈사랑해,엑소사랑하자
M10213,감전,구미호,악어,인어공주,무지개,제비,솥,도경수,사랑해,코뿔소
M10218,새,곰,악어,인어,구름,까치,솥,,크리스마스,코끼리
M10216,,,악어,진주,무지개,제비,가마솥,별,단추,피에로
M10217,떡,곰,악어,,무지개,밥,가마솥,사탕주세요,,코뿔소
M10221,,,,,,,,,,
M10214,떡,,정글,,,,가마솥,,,사랑해 백현아
M10209,장어,세븐틴 사랑해,악어,부승관사랑해 이석민 사랑해 권순영 사랑해,구름,놀부,가마솥,별똥별,드레스,광대
M10219,,벌,늑대,,구름,흥부와 놀부,밭솥,,옷가게,삐에로
M10316,참새,,악어,장미,무지개,제비,솥,별똥별,브릿지,광대
M10304,참새,,악어,,단추,까치,솥,바구니,,
M10310,참새,구미호,악어,진주,무지개,까치,가마솥,,단추,코끼리
M10320,참새,포도,악어,갯벌,구름,까치,솥,별,단추,코끼리
M10330,생선구이 ㅋㅋㅋㅋ,,악어,,무지개,제비,가마솥,,찣청( 찣어진 청바지),광대(삐에로)
M10327,참새,,,,무지개,제비,가마솥,,단추,코끼리
M10312,참새,,악어,인어,,,가마솥,별,단추,코뿔소
M10319,참새,떡,악어,진주목걸이,무지개,까치,가마솥,별똥별,단추,삐에로
M10306,참새,,늑대,,,박,솥,,,코뿔소
M10315,참새,,악어,,무지개,제비,가마솥,별,단추,코끼리
M10301,떡,곰,악어,키조개,반짝,까치,쌀,별자리,비싼옷,사슴
M10331,참새,토끼,악어,진주,무지개,까치,솥,소녀시대,단추,삐에로
M10313,참새,곰,악어,,무지개,참새,솥뚜껑,,단추,코뿔소
M10311,참새,곰,악어,흑진주소녀,오로라,까치,가마솥,별,옷걸이,코끼리
M10302,참새,구미호,악어,보노보노,도깨비,놀부,가마솥,달,단추,코뿔소
M10305,참새,,악어,,우산,제비,가마솥,,옷장,코뿔소
M10333,참새,,악어,진주,무지개,제비,가마솥,,,
M10329,참새,구미호,악어,,무지개,,솥,별,,코끼리
M10328,참새,,악어,진주,무지개,제비,솥,콘서트,,광대
M10307,,,,,무지개,,솥,,,
M10308,참새,,악어,보노보노,무지개,박,가마솥,할로윈,크리스마스 트리,루돌푸
M10309,참새,,악어,,,제비,,,,
M10332,,,,,무지개,제비,솥,크리스마스,가게,코뿔소
M10314,참새,두루미,악어,해녀,무지게,제비,밥솥,별똥별,찟어진청바지,삐에로
M10326,참새,구미호,악어,홍합,무지개,제비,가마솥,,단추,코끼리
M10317,참새,,악어,해녀,,행운,솥,별,단추,코끼리
M10318,참새,구미호,악어,인어공주,무지개,제비,솥,별똥별,단추,삐에로
M10325,모르게쪙,한약,악어가죽,홍합,무지개,착한,가마솥,별똥별,단추,코뿔소
M10322,참새,집,악어,진주,구름,제비,솥,,,
M10321,참새,당뇨,악어,갯벌,무지개 ,제비,누룽지,별똥별,배찌,코뿔소
M10324,참새,곰,악어,진주,무지개,제비,솥,별,단추,코뿔소
M11020,참새,곰,악어,흑진주,무지개,제비,가마솥,별똥별,하디으,코끼리
M11008,참새,곰,악어,진주,무지개,제비,가마솥,별동별,단추,코끼리
M11028,오징어,곰,악어,진주,무지개,제비,솥,별,,광대
M11009,,,악어,흑진주,무지개,까치,,별똥별,,코끼리
M11023,참새구이,,악어,흙진주,무지게,제비,솟뚜껑,별사탕,,
M11004,참새구이,곰,악어,흑진주,무지개,제비,솥,별사탕,,코뿔소
M11015,참새구이,곰,악어,흑진주,무지개,제비,가마솥,별사탕,목거리,코끼리
M11013,참새구이,,악어,흑진주,,제비,가마솥,,,코끼리
M11001,참세구이,,악어,흑진주,무지계,,,별똥별,,코끼리 서커스
M11003,참새구이,곰,악어,흑진주,무지개,제비,솥,별사탕,단추,코끼리
M11014,참새구이,곰,악어,흑진주,무지개,제비,가마솥,별똥별,단추,코기리
M11002,참새구이,곰,악어,진주,눈,까치,밥솥,별동별,단추,코끼리
M11026,참새,,악어,흑진주,무지개,제비,,별사탕,옷장식,코끼리
M11005,참새,곰,악어,흑진주,무지개,제비,솥,별,몰라요,코끼리
M11021,참새,,악어,진주,무지개,까치,밥솥,별,,코끼리
M11007,참새구이,곰,악어,진주,무지개,제비,가마솥,별똥별,단추,코끼리
M11022,참새,,악어,진주,무지게,제비,솥뚱껑,별사탕,꽃장식,코끼리
M11030,찜질방,,악어,,무지개,까치,가마솥,별사탕,,코끼리
M11016,,곰,악어,해녀,무지개,제비,한옥,별,,코끼리
M11010,참새구이,곰,악어,흑진주,무지개,제비,가마솥,별사탕,?,코끼리
M11024,참새구이,곰여우,악어,흑진주,무지개,제비,솥뚜껑,별사탕,디자이너,코뿔소
M11006,참새,곰,악어,진주,무지개,제비,솥,별,사랑해!!!,코끼리
M11019,참새,곰,악어,흑진주,무지개,제비,가마솥,별사탕,,코끼리
M10609,,간,악어,진주,카메라,제비,가마솥,별동별,주머니,코뿔소
M10625,참새,간,악어,,무지개,,솥,별,단추,
M10627,떡,장기매매,악어,흑보로리,구름,맞이,솥,할로윈,,광대
M10601,장어구이,장기,악어,해산물,레인보우,흥부와놀부,솥뚜껑,별,광대,코뿔소
M10610,전기뱀장어,구미오,악어,흑진주,무지개,까치,가마솥,별동별,,
M10626,전기구이,,,,,,,,,광대
M10628,,,악어,흑조개,원소술사 럭스,,왕뚜껑,,,코뿔소
M10619,생선,간,악어,진주,무지개,제비,솥,크리스마스,가게,코끼리
M10622,전기,,,,,,솥,,,
M10607,참새,곰,악어,진주,무지개,제비,가마솥,별,청바지,코뿔소
M10620,참새,간,악어,진주,무지개,까치,솥,별,단추,광대
M10621,전기,,악어,,,,솥,,빈티지,광대
M10602,,간,악어,,,,솟,,장,코끼리
M10614,간,,,,,,,,단추,코끼리
M10604,간,장기밀매,악어,흑조개,무지개,좋은느낌,가마솥,별똥별,옷장,코끼리
M10606,전기구이,장기매매,악어,바다,비단,흥부놀부,가마솟, [7]  밥  가마  뚜껑,,광대
M10624,,구미호,악어,,무지개,제비,가마솥,,,코끼리
M10613,전기,곰,악어,인어,무지개,,솥,별,단추,코뿔소
M10630,구이,간,악어,흑조개,구름,옛날,가마솥,소녀시대,헌옷,광대
M10603,간,벌,악어,갯벌,무지개,제비,가마솥,현미경,단추,광대
M10623,,구미호,,,무지개,놀부,가마솟,소녀시대,옷걸이,코끼리
M10611,통,즙,악어,진주,여우,놀부,불,말해봐,쥐,광대
M10616,참새,간,악어,진주,카메라,제비,가마솥,갈릴레오갈릴레이,빈티지,코끼리
M10615,,간,악어,진주,카메라,제비,솥,별똥별,빈티지,코뿔소
M10612,방앗간에 가다가 전깃줄에 걸려 구이가 되었다,간,악어 ,흑여우가 나타나 말했다 오늘밤 조개소녀를 만나면 돈줘라고,무지개,놀부,가마솥,사탕과 망원경을 받고싶어 소원을 빈다,"구멍난 옷은 멋진 장식이오,,,",코뿔소
M10629,참새,간,악어,,,까치,쌀,,바늘,코끼리
K10501,참새,,악어,진주,무지개,제비,솥,별,단추,코뿔소
K10507,참새,간,늑대,흑진주,무지개,제비,솥,별,단추,코뿔소
K10509,참새,,악어,진주,무지개,제비,솥,별동별,단추,코끼리
K10518,참새,토끼,악어,인어,무지개,제비,가마솥,별,단추,코끼리
K10524,참새,곰,악어,진주,무지개,까치,가마솥,별,단추,코뿔소
K10521,참새,곰,악어,인어,무지개,제비,솥,별,단추,코끼리
K10503,참새,,악어,,무지개,제비,솥,,,광대
K10505,전기,잠,악어,진주,무지개,까치,솥,별,단추,코끼리
K10511,참새,잠,악어,진주,무지개,제비,가마솥,별,단추,코끼리
K10531,참새,곰,악어,진주,무지개,제비,가마솥,별,단추,코뿔소
K10508,장식,간,늑대,흑진주,무지개,제비,솥,별,단추,코끼리
K10519,참새,곰,악어,진주,무지개,제비,솥,별,단추,코끼리
K10516,참새,구미호,악어,흑진주,무지개,제비,솥,별,가게,코끼리
K10514,참새,,악어,진주,무지개,제비,가마솥,별,단추,코끼리
K10529,참새,,악어,인어공주,무지개,제비,솥,별,단추,코뿔소
K10504,참새,곰,악어,진주,무지개,제비,솥,별,단추,코끼리
K10506,가래떡,토끼,악어,진주,무지개,제비,가마솥,별,단추,코뿔소
K10513,참새,잠,악어,진주,구름,흥부부대찌개,이제 내가 가마,소원을말해봐,예쁜옷을입고 뛰어보자 팔짝~,코뿔소
K10515,떡,구미호,악어,진주,무지개,제비,솥,별,단추,코끼리
K10512,참새,곰,악어,진주,무지개,제비,솥,별,단추,코뿔소
K10525,참새,구미호,악어,진주,무지개,제비,솥,별,단추,코끼리
K10528,참새,곰,악어,인어공주,무지개,제비,솥,별,단추,꼬끼리
K10502,참새,,악어,진주,무지개,박,솥,,광대,
K10526,참새,곰,악어,인어공주,무지개,제비,솥,별,단추,코뿔소
K10532,참새,곰,악어,진주,무지개,제비,가마솥,별,단추,코뿔소
K10520,참새,곰,악어,인어,무지개,제비,솥,별,단추,코끼리
K10527,참새,곰,악어,인어공주,무지개,제비,솥,별,단추,코뿔소
K10530,참새,곰,악어,해녀,무지개,제비,솥,별똥별,단추,광대
K10523,참새,구미호,악어,진주,무지개,제비,솥,별,단추,코끼리
K10522,참새,곰,악어,진주,무지개,제비,가마솥,별,단추,코뿔소
K10510,참새,,악어,진주,무지개,제비,솥,별,단추,코끼리
K10709,,,,,,,,,,
K10729,,,,,,,,,,
K10724,,,,,,,,,,
K10726,,,,,,,,,,
K10712,,,,,,,,,,
K10702,,,,,,,,,,
K10721,,,,,,,,,,
K10711,,,,,,,,,,
K10719,,,,,,,,,,
K10710,,,,,,,,,,
K10718,,,,,,,,,,
K10701,,,,,,,,,,
K10720,,,,,,,,,,
K10725,,,,,,,,,,
K10716,,,,,,,,,,
K10708,,,,,,,,,,
K10705,,,,,,,,,,
K10727,,,,,,,,,,
K10717,,,,,,,,,,
K10728,,,,,,,,,,
K10730,,,,,,,,,,
K10703,,,,,,,,,,
K10714,,,,,,,,,,
K10715,,,,,,,,,,
DUMMY10101,,,,,,,,,,
K10103,떡,,악어,흑진주,무지개,제비,가마솥,,귀걸이,코뿔소
K10130,참새,간,악어,진주,무지개,까치,밥솥,별,반지,코끼리
K10135,참새,,악어,진주,,,,,,코끼리
K10126,,벌,,인어,,,솥뚜껑,할로윈,,코뿔소
K10127,참새,,악어,진주,,,솥,,,코끼리
K10125,,벌,악어,진주,,,가마솥,,단추,코뿔소
K10110,참새,,악어,진주,무지개,까치,가마솥,별,단추,
K10106,난방,나비,악어,바지락,구름,,가마솥,남친,단추,코뿔소
K10119,,즙,사냥,진주,눈,까치,가마솥,,,코뿔소
K10111,,,악어,진주,무지개,까치,가마솥,,옷가게,코끼리
K10133,,,,진주,,,가마솥,,,코뿔소
K10104,참새,간,악어,진주,실험,까치,솥,별,단추,코뿔소
K10132,,,악어,진주,,까치,가마솥,,단추,코뿔소
K10117,,토끼,정글,,파란색,,가마솥,원,단추,코끼리
K10101,,,악어,,,,솥,,단추,
K10128,,,악어,진주,,까치,가마솥,별똥별,,코끼리
K10134,참새,,악어,진주,무지개,제비,솥,별,,코끼리
K10102,,,,진주,우산,까치,밥솥,,가게,코뿔소
K10118,참새,곰,악어,블랙펄,무지개,까치,가마솥,별똥별,단추,코끼리
K10122,참새,즙,악어,진주,무지개,까치,솥,별똥별,단추,코끼리
K10121,,,악어,진주,무지개,제비,솥,별,가게,
K10107,참새,구미호,악어,흑진주,무지개,제비,솥,,팔지,광대
K10131,참새,간,악어,인어,,흥부랑놀부,가마솥,우주,,코뿔소
K10109,,,악어,,,제비,솥,,단추,코뿔소
K10114,참새,,악어,진주,우산,제비,솥,별,바느질,코뿔소
K10105,떡,돼지,육식동물,성냥팔이 소녀,구름,식당,초가집,소녀시대,크리스마스,공연장
K10116,참새,구미호,악어,인어공주,무지개,제비,솥,별,단추,삐에로
K10129,참새,,악어,진주,무지개,까치,솥,별,,코끼리
K10113,엑소 겨울앨범,for life가 12월 19일,악어,발매되었습니다,무지개,엑소 흥해라,2016년도 마무리 잘하고 앞으로도 꽃길만 걷자,별똥별,단추,위아원 엑소 사랑하자
K10115,,,,,,,,,,
K10124,참새,,악어,진주,,제비,솥,별,,
K10120,참새,단지,악어,,,,가마솥,,,코뿔소
K10108,참새,토끼,곰,인어,공유 ,부자,부엌,생일,구멍가게,코뿔소
K11214,참새,디즈니,악어,진주,무지개,놀부,가마솥,알라딘,단추,광대
K11222,참새,,악어,진주,무지개,제비,가마솥,,,광대
K11213,참새,아,악어,모르,무지개,제비,솥,겠다 ,단추,광대
K11202,참새,간,악어,진주,무지개,제비,가마솥,앙,팬티,코뿔소
K11224,떡구이,여우꿀쓸개,악어,진주,무지개,제비,가마솥,사탕먹으면서 망원경을보면서 소원빌기,구멍에난 옷과장식,코끼리
K11211,참새,간,악어,진주,무지개,제비,가마솥,별,단추,코끼리
K11208,,,,,무지개,,솥,,,
K11203,참새,곰,악어,진주,무지개,제비,가마솥,별,ㅇㄱㄹ,코뿔소
K11219,참새,곰,악어,,,제비,솥,,,코뿔소
K11228,참새,곰,악어,진주,무지개,제비,솥,별,장,길
K11216,,비,악어,진주,무지개,제비,가마솥,별,반지,코끼리
K11226,참새,곰,악어,진주,무지개,제비,솥,별,장수,피에로
K11212,화로,벌,악어,진주,무지개,,가마솥,솜,쥐,코끼리
K11207,참새,뀨뀨뀨뀨뀨뀨뀨뀨뀨뀨뀨뀨뀨뀨뀨뀨뀨뀨뀨뀨뀨뀨뀨뀨뀨뀨뀨뀨뀨뀨뀨뀨뀨뀨뀨뀨뀨뀨뀨뀨뀨뀨뀨뀨뀨뀨뀨뀨뀨뀨뀨뀨뀨뀨뀨뀨뀨뀨뀨뀨뀨뀨뀨뀨뀨뀨뀨뀨뀨뀨뀨뀨뀨뀨뀨뀨뀨뀨뀨뀨뀨뀨뀨뀨뀨뀨뀨뀨뀨뀨뀨뀨뀨뀨뀨뀨뀨뀨뀨뀨뀨뀨뀨뀨뀨뀨뀨뀨뀨뀨뀨뀨뀨뀨뀨뀨뀨뀨뀨뀨뀨뀨뀨뀨뀨뀨뀨뀨뀨뀨뀨뀨뀨뀨뀨뀨뀨뀨뀨뀨뀨뀨뀨뀨뀨뀨뀨뀨뀨뀨뀨뀨뀨뀨뀨뀨뀨뀨뀨뀨뀨뀨뀨뀨뀨뀨뀨뀨뀨뀨뀨뀨뀨뀨뀨뀨뀨뀨뀨뀨뀨뀨뀨뀨뀨뀨뀨뀨뀨뀨뀨뀨뀨뀨뀨뀨뀨뀨뀨뀨뀨뀨뀨뀨뀨뀨뀨뀨뀨뀨뀨뀨뀨뀨뀨뀨뀨뀨뀨뀨뀨뀨뀨뀨뀨뀨뀨뀨뀨뀨뀨뀨뀨뀨뀨뀨뀨뀨뀨뀨뀨뀨뀨뀨뀨뀨뀨뀨뀨뀨뀨뀨뀨뀨뀨뀨뀨뀨뀨뀨뀨뀨뀨뀨뀨뀨뀨뀨뀨뀨뀨뀨뀨뀨뀨뀨뀨뀨뀨뀨뀨뀨뀨뀨뀨뀨뀨뀨뀨뀨뀨뀨뀨뀨뀨뀨뀨뀨뀨뀨뀨뀨뀨뀨뀨뀨뀨뀨뀨뀨뀨뀨뀨뀨뀨뀨뀨뀨뀨뀨뀨뀨뀨뀨뀨뀨뀨뀨뀨뀨뀨뀨뀨뀨뀨뀨뀨뀨뀨뀨뀨뀨뀨뀨뀨뀨뀨뀨뀨뀨뀨뀨뀨뀨뀨뀨뀨뀨뀨뀨뀨뀨뀨뀨뀨뀨뀨뀨뀨뀨뀨뀨뀨뀨뀨뀨뀨뀨뀨뀨뀨뀨뀨뀨뀨뀨뀨뀨뀨뀨뀨뀨뀨뀨뀨뀨뀨뀨뀨뀨뀨뀨뀨뀨뀨뀨뀨뀨뀨뀨뀨뀨뀨뀨뀨뀨뀨뀨뀨뀨뀨뀨뀨뀨뀨뀨뀨뀨뀨뀨뀨뀨뀨뀨뀨뀨뀨뀨뀨뀨뀨뀨뀨뀨뀨뀨뀨뀨뀨뀨뀨뀨뀨뀨뀨뀨뀨뀨뀨뀨뀨뀨뀨뀨뀨뀨뀨뀨뀨뀨뀨뀨뀨뀨뀨뀨뀨뀨뀨뀨뀨뀨뀨뀨뀨뀨뀨뀨뀨뀨뀨뀨뀨뀨뀨뀨뀨뀨뀨뀨,악어,진주,무지개,제비,솥,뀨뀨뀨뀨뀨뀨뀨뀨뀨뀨뀨뀨뀨뀨뀨뀨뀨뀨뀨뀨뀨뀨뀨뀨뀨뀨뀨뀨뀨뀨뀨뀨뀨뀨뀨뀨뀨뀨뀨뀨뀨뀨뀨뀨뀨뀨뀨뀨뀨뀨뀨뀨뀨뀨뀨뀨뀨뀨뀨뀨뀨뀨뀨뀨뀨뀨뀨뀨뀨뀨뀨뀨뀨뀨뀨뀨뀨뀨뀨뀨뀨뀨뀨뀨뀨뀨뀨뀨뀨뀨뀨뀨뀨뀨뀨뀨뀨뀨뀨뀨뀨뀨뀨뀨뀨뀨뀨뀨뀨뀨뀨뀨뀨뀨뀨뀨뀨뀨뀨뀨뀨뀨뀨뀨뀨뀨뀨뀨뀨뀨뀨뀨뀨뀨뀨뀨뀨뀨뀨뀨뀨뀨뀨뀨뀨뀨뀨뀨뀨뀨뀨뀨뀨뀨뀨뀨뀨뀨뀨뀨뀨뀨뀨뀨뀨뀨뀨뀨뀨뀨뀨뀨뀨뀨뀨뀨뀨뀨뀨뀨뀨뀨뀨뀨뀨뀨뀨뀨뀨뀨뀨뀨뀨뀨뀨뀨뀨뀨뀨뀨뀨뀨뀨뀨뀨뀨뀨뀨뀨뀨뀨뀨뀨뀨뀨뀨뀨뀨뀨뀨뀨뀨뀨뀨뀨뀨뀨뀨뀨뀨뀨뀨뀨뀨뀨뀨뀨뀨뀨뀨뀨뀨뀨뀨뀨뀨뀨뀨뀨뀨뀨뀨뀨뀨뀨뀨뀨뀨뀨뀨뀨뀨뀨뀨뀨뀨뀨뀨뀨뀨뀨뀨뀨뀨뀨뀨뀨뀨뀨뀨뀨뀨뀨뀨뀨뀨뀨뀨뀨뀨뀨뀨뀨뀨뀨뀨뀨뀨뀨뀨뀨뀨뀨뀨뀨뀨뀨뀨뀨뀨뀨뀨뀨뀨뀨뀨뀨뀨뀨뀨뀨뀨뀨뀨뀨뀨뀨뀨뀨뀨뀨뀨뀨뀨뀨뀨뀨뀨뀨뀨뀨뀨뀨뀨뀨뀨뀨뀨뀨뀨뀨뀨뀨뀨뀨뀨뀨뀨뀨뀨뀨뀨뀨뀨뀨뀨뀨뀨뀨뀨뀨뀨뀨뀨뀨뀨뀨뀨뀨뀨뀨뀨뀨뀨뀨뀨뀨뀨뀨뀨뀨뀨뀨뀨뀨뀨뀨뀨뀨뀨뀨뀨뀨뀨뀨뀨뀨뀨뀨뀨뀨뀨뀨뀨뀨뀨뀨뀨뀨뀨뀨뀨뀨뀨뀨뀨뀨뀨뀨뀨뀨뀨뀨뀨뀨뀨뀨뀨뀨뀨뀨뀨뀨뀨뀨뀨뀨뀨뀨뀨뀨뀨뀨뀨뀨뀨뀨뀨뀨뀨뀨뀨뀨뀨뀨뀨뀨뀨뀨뀨뀨뀨뀨뀨뀨뀨뀨뀨뀨뀨뀨뀨뀨뀨뀨뀨뀨뀨뀨뀨뀨뀨뀨뀨뀨뀨뀨뀨뀨뀨,단추,광대
K11220,전기,곰,악어,진주,무지개,제비,솥,별,호롤로로로로롤로로로로로로로로롤로로로로로로로로롤로,코끼리
K11204,참새,햇빛,악어,진주,컵,제비,가마솥,달,옷걸이,삐에로
K11218,참새,벌,악어,진주,무지개,혹,가마솥,ㅇ,ㅇ,삐에로
K11217,참새,단지,악어,진주,무지개,제비,솥,도구,가게,코끼리
K11227,참새,곰,악어,진주,무지개,제비,솥,별,가게,광대
K11225,참새,원딜,루시안,진주,무지개,베인,기모노,헤헤,롤,샤코
K11223,몰라요,몰라요,악어,진주,무지개,손님길조흥부,밥솥,소원임,크리스트마스,코끼리
K11221,참새,곰탱이밤탱이,악어,진주,레인보우,제비,솥,별똥별,구멍난 옷 장식,코뿔소
K11210,참새,벌,악어,진주,무지개,제비,가마솥,츄파츕스,구멍난 옷장식,코뿔소
K11205,제비,,악어,진주,무지개,,가마솥,,누더기,코뿔소
K11209,참새,나연이쁨,악어,진주,무지개,제비,가마솥,트와이스,브루치,광대
K11201,장어,간,악어,진주,무지개,제비,가마솥,최순실,팬티,코뿔소
K11206,,,악어,진주,무지개,제비,가마솥,,,코기리
K11215,참새,곰,악어,,무지개,제비,솥,,주머니,코끼리
K10705,,,,,,,,,,
K10714,,,,,,,,,,
K10721,,,,,,,,,,
K10730,,,,,,,,,,
K10711,,,,,,,,,,
K10724,,,,,,,,,,
K10717,,,,,,,,,,
K10701,,,,,,,,,,
K10709,,,,,,,,,,
K10715,,,,,,,,,,
K10708,,,,,,,,,,
K10726,,,,,,,,,,
K10720,,,,,,,,,,
K10703,,,,,,,,,,
K10702,,,,,,,,,,
K10727,,,,,,,,,,
K10718,,,,,,,,,,
K10716,,,,,,,,,,
K10728,,,,,,,,,,
K10710,,,,,,,,,,
K10729,,,,,,,,,,
K10712,,,,,,,,,,
K10719,,,,,,,,,,
DUMMY10104,,,,,,,,,,
DUMMY10101,,,,,,,,,,
K10705,새,곰,악어,인어,눈,제비,가마솥,별똥별,단추,코끼리
K10717,참새,곰,악어,인어,무지개,제비,가마솥,별,단추,코뿔소
K10728,참새,,악어,인어,무지개,제비,밥솥,,,
K10704,참새,곰,악어,진주,구름,까치,솥,,날개,코끼리
K10702,장어,,악어,,,놀부,가마솥,하늘,,단
K10721,참새,,악어,,무지개,권선징악,솥,,단추,동물
K10730,가래떡,곰,악어,인어,눈,제비,가마솥밥,별똥별,광대,코끼리
K10719,참새구이,클래시로얄,악어,진주,무지개,클래시로얄,클래시로얄,클래시로얄,단추,코뿔소
K10726,,개,악어,,,,솥,,,
K10716,새,공,,인어,,,,,,
K10720,,토끼전,니,구이,,,,,단추,개
K10711,가레떡,곰,악어,,,도깨비,가마솥,,단추,코끼리
K10712,,곰,악어,인어,무지개,제비,가마솥,,단추,코뿔소
K10708,참새,,악어,,무지개,까치,가마솥,,장례식,코뿔소
K10718,참새,곰,악어,인어,무지개,까치,가마솥,별,단추,코뿔소
K10701,참새구이,,악어,바다,무지개,까치,솥,눈,장,코끼리
K10715,NONE,사막,악어,NONE,NONE,부자,NONE,별,가게,NONE
K10703,장어,약,악어,갯벌,무지개,제비,가마솥,별똥별,단추,코뿔소
K10710,새,곰,악어,,무지개,전,가마솥,,눈사람,삐에로
K10714,집,간,,,,,,,,
K10727,,,악어,논,무지개,,가마솥,별동별,,삐에로
K10709,장어,단지,악어,인어,무지개,까치,가마솥 뚜껑,보름달,단추,코뿔소
K10724,참새,구미호,악어,,무지개,제비,가마솥,별동별,,루돌프
K10729,,,,,무지개,흥부와 놀부,가마솥,별똥별,,코끼리
K10725,,,악어,진주,무지개,,가마솥,,단추,코끼리
